Timestamp,Asset_ID,IP_Address,Motor_Temp_C,Joint_Velocity_rads,Current_Amps,Operational_Status
2026-06-28 16:27:11,UR5e_ARM_01,192.168.10.25,42.26,1.196,4.1,NORMAL
2026-06-28 16:27:41,UR5e_ARM_01,192.168.10.25,42.49,1.152,4.09,NORMAL
2026-06-28 16:28:11,UR5e_ARM_01,192.168.10.25,43.71,1.192,4.03,NORMAL
2026-06-28 16:28:41,UR5e_ARM_01,192.168.10.25,43.57,1.19,3.97,NORMAL
2026-06-28 16:29:11,UR5e_ARM_01,192.168.10.25,42.9,1.246,4.16,NORMAL
2026-06-28 16:29:41,UR5e_ARM_01,192.168.10.25,42.5,1.217,4.05,NORMAL
2026-06-28 16:30:11,UR5e_ARM_01,192.168.10.25,41.25,1.208,4.24,NORMAL
2026-06-28 16:30:41,UR5e_ARM_01,192.168.10.25,41.63,1.218,4.21,NORMAL
2026-06-28 16:31:11,UR5e_ARM_01,192.168.10.25,41.5,1.181,4.13,NORMAL
2026-06-28 16:31:41,UR5e_ARM_01,192.168.10.25,43.45,1.235,4.07,NORMAL
2026-06-28 16:32:11,UR5e_ARM_01,192.168.10.25,43.52,1.175,4.04,NORMAL
2026-06-28 16:32:41,UR5e_ARM_01,192.168.10.25,43.42,1.154,4.0,NORMAL
2026-06-28 16:33:11,UR5e_ARM_01,192.168.10.25,42.26,1.154,4.08,NORMAL
2026-06-28 16:33:41,UR5e_ARM_01,192.168.10.25,42.15,1.156,4.11,NORMAL
2026-06-28 16:34:11,UR5e_ARM_01,192.168.10.25,44.02,1.184,4.19,NORMAL
2026-06-28 16:34:41,UR5e_ARM_01,192.168.10.25,43.95,1.16,4.19,NORMAL
2026-06-28 16:35:11,UR5e_ARM_01,192.168.10.25,41.32,1.188,4.17,NORMAL
2026-06-28 16:35:41,UR5e_ARM_01,192.168.10.25,42.78,1.25,4.18,NORMAL
2026-06-28 16:36:11,UR5e_ARM_01,192.168.10.25,42.64,1.196,4.12,NORMAL
2026-06-28 16:36:41,UR5e_ARM_01,192.168.10.25,41.98,1.165,3.98,NORMAL
2026-06-28 16:37:11,UR5e_ARM_01,192.168.10.25,42.3,1.162,4.26,NORMAL
2026-06-28 16:37:41,UR5e_ARM_01,192.168.10.25,42.9,1.248,4.25,NORMAL
2026-06-28 16:38:11,UR5e_ARM_01,192.168.10.25,42.79,1.222,4.21,NORMAL
2026-06-28 16:38:41,UR5e_ARM_01,192.168.10.25,41.44,1.248,4.04,NORMAL
2026-06-28 16:39:11,UR5e_ARM_01,192.168.10.25,42.75,1.217,4.11,NORMAL
2026-06-28 16:39:41,UR5e_ARM_01,192.168.10.25,43.08,1.218,4.06,NORMAL
2026-06-28 16:40:11,UR5e_ARM_01,192.168.10.25,44.05,1.174,4.01,NORMAL
2026-06-28 16:40:41,UR5e_ARM_01,192.168.10.25,43.48,1.24,3.97,NORMAL
2026-06-28 16:41:11,UR5e_ARM_01,192.168.10.25,41.33,1.235,4.3,NORMAL
2026-06-28 16:41:41,UR5e_ARM_01,192.168.10.25,42.26,1.223,4.22,NORMAL
2026-06-28 16:42:11,UR5e_ARM_01,192.168.10.25,41.85,1.161,4.19,NORMAL
2026-06-28 16:42:41,UR5e_ARM_01,192.168.10.25,42.75,1.176,4.29,NORMAL
2026-06-28 16:43:11,UR5e_ARM_01,192.168.10.25,41.19,1.156,4.1,NORMAL
2026-06-28 16:43:41,UR5e_ARM_01,192.168.10.25,41.25,1.238,4.17,NORMAL
2026-06-28 16:44:11,UR5e_ARM_01,192.168.10.25,41.82,1.193,4.15,NORMAL
2026-06-28 16:44:41,UR5e_ARM_01,192.168.10.25,42.84,1.157,4.24,NORMAL
2026-06-28 16:45:11,UR5e_ARM_01,192.168.10.25,41.72,1.192,4.17,NORMAL
2026-06-28 16:45:41,UR5e_ARM_01,192.168.10.25,41.26,1.2,3.91,NORMAL
2026-06-28 16:46:11,UR5e_ARM_01,192.168.10.25,43.3,1.235,4.24,NORMAL
2026-06-28 16:46:41,UR5e_ARM_01,192.168.10.25,43.8,1.23,4.15,NORMAL
2026-06-28 16:47:11,UR5e_ARM_01,192.168.10.25,43.09,1.204,4.28,NORMAL
2026-06-28 16:47:41,UR5e_ARM_01,192.168.10.25,41.23,1.237,3.98,NORMAL
2026-06-28 16:48:11,UR5e_ARM_01,192.168.10.25,42.29,1.165,4.26,NORMAL
2026-06-28 16:48:41,UR5e_ARM_01,192.168.10.25,42.06,1.227,4.13,NORMAL
2026-06-28 16:49:11,UR5e_ARM_01,192.168.10.25,43.61,1.214,3.93,NORMAL
2026-06-28 16:49:41,UR5e_ARM_01,192.168.10.25,43.3,1.21,4.15,NORMAL
2026-06-28 16:50:11,UR5e_ARM_01,192.168.10.25,43.66,1.223,4.16,NORMAL
2026-06-28 16:50:41,UR5e_ARM_01,192.168.10.25,42.66,1.174,4.2,NORMAL
2026-06-28 16:51:11,UR5e_ARM_01,192.168.10.25,43.45,1.227,4.1,NORMAL
2026-06-28 16:51:41,UR5e_ARM_01,192.168.10.25,44.06,1.193,4.03,NORMAL
2026-06-28 16:52:11,UR5e_ARM_01,192.168.10.25,43.4,1.231,4.08,NORMAL
2026-06-28 16:52:41,UR5e_ARM_01,192.168.10.25,43.31,1.241,3.94,NORMAL
2026-06-28 16:53:11,UR5e_ARM_01,192.168.10.25,43.32,1.152,3.9,NORMAL
2026-06-28 16:53:41,UR5e_ARM_01,192.168.10.25,43.75,1.164,3.96,NORMAL
2026-06-28 16:54:11,UR5e_ARM_01,192.168.10.25,43.5,1.235,4.16,NORMAL
2026-06-28 16:54:41,UR5e_ARM_01,192.168.10.25,41.91,1.189,4.09,NORMAL
2026-06-28 16:55:11,UR5e_ARM_01,192.168.10.25,42.77,1.237,4.15,NORMAL
2026-06-28 16:55:41,UR5e_ARM_01,192.168.10.25,43.67,1.164,4.01,NORMAL
2026-06-28 16:56:11,UR5e_ARM_01,192.168.10.25,41.47,1.192,4.04,NORMAL
2026-06-28 16:56:41,UR5e_ARM_01,192.168.10.25,42.02,1.206,4.08,NORMAL
2026-06-28 16:57:11,UR5e_ARM_01,192.168.10.25,41.76,1.183,3.96,NORMAL
2026-06-28 16:57:41,UR5e_ARM_01,192.168.10.25,43.56,1.184,4.01,NORMAL
2026-06-28 16:58:11,UR5e_ARM_01,192.168.10.25,42.37,1.218,3.94,NORMAL
2026-06-28 16:58:41,UR5e_ARM_01,192.168.10.25,41.28,1.178,4.13,NORMAL
2026-06-28 16:59:11,UR5e_ARM_01,192.168.10.25,42.67,1.176,4.16,NORMAL
2026-06-28 16:59:41,UR5e_ARM_01,192.168.10.25,41.37,1.168,4.14,NORMAL
2026-06-28 17:00:11,UR5e_ARM_01,192.168.10.25,42.31,1.217,3.96,NORMAL
2026-06-28 17:00:41,UR5e_ARM_01,192.168.10.25,43.85,1.195,4.3,NORMAL
2026-06-28 17:01:11,UR5e_ARM_01,192.168.10.25,43.4,1.179,4.12,NORMAL
2026-06-28 17:01:41,UR5e_ARM_01,192.168.10.25,41.71,1.22,4.21,NORMAL
2026-06-28 17:02:11,UR5e_ARM_01,192.168.10.25,41.45,1.151,4.28,NORMAL
2026-06-28 17:02:41,UR5e_ARM_01,192.168.10.25,43.71,1.154,4.14,NORMAL
2026-06-28 17:03:11,UR5e_ARM_01,192.168.10.25,43.42,1.212,4.21,NORMAL
2026-06-28 17:03:41,UR5e_ARM_01,192.168.10.25,43.34,1.232,4.05,NORMAL
2026-06-28 17:04:11,UR5e_ARM_01,192.168.10.25,43.23,1.158,4.27,NORMAL
2026-06-28 17:04:41,UR5e_ARM_01,192.168.10.25,42.3,1.175,4.16,NORMAL
2026-06-28 17:05:11,UR5e_ARM_01,192.168.10.25,42.73,1.208,4.1,NORMAL
2026-06-28 17:05:41,UR5e_ARM_01,192.168.10.25,41.55,1.162,4.06,NORMAL
2026-06-28 17:06:11,UR5e_ARM_01,192.168.10.25,43.74,1.183,4.25,NORMAL
2026-06-28 17:06:41,UR5e_ARM_01,192.168.10.25,43.21,1.24,4.01,NORMAL
2026-06-28 17:07:11,UR5e_ARM_01,192.168.10.25,43.01,1.226,4.24,NORMAL
2026-06-28 17:07:41,UR5e_ARM_01,192.168.10.25,41.75,1.174,4.14,NORMAL
2026-06-28 17:08:11,UR5e_ARM_01,192.168.10.25,42.32,1.218,4.08,NORMAL
2026-06-28 17:08:41,UR5e_ARM_01,192.168.10.25,43.8,1.165,4.13,NORMAL
2026-06-28 17:09:11,UR5e_ARM_01,192.168.10.25,41.3,1.155,4.06,NORMAL
2026-06-28 17:09:41,UR5e_ARM_01,192.168.10.25,43.17,1.173,4.26,NORMAL
2026-06-28 17:10:11,UR5e_ARM_01,192.168.10.25,42.23,1.199,3.96,NORMAL
2026-06-28 17:10:41,UR5e_ARM_01,192.168.10.25,41.35,1.249,4.23,NORMAL
2026-06-28 17:11:11,UR5e_ARM_01,192.168.10.25,43.96,1.167,4.03,NORMAL
2026-06-28 17:11:41,UR5e_ARM_01,192.168.10.25,44.06,1.242,4.13,NORMAL
2026-06-28 17:12:11,UR5e_ARM_01,192.168.10.25,41.73,1.2,4.04,NORMAL
2026-06-28 17:12:41,UR5e_ARM_01,192.168.10.25,43.54,1.208,4.06,NORMAL
2026-06-28 17:13:11,UR5e_ARM_01,192.168.10.25,41.53,1.173,4.22,NORMAL
2026-06-28 17:13:41,UR5e_ARM_01,192.168.10.25,42.93,1.151,4.1,NORMAL
2026-06-28 17:14:11,UR5e_ARM_01,192.168.10.25,42.62,1.203,4.09,NORMAL
2026-06-28 17:14:41,UR5e_ARM_01,192.168.10.25,43.75,1.171,4.23,NORMAL
2026-06-28 17:15:11,UR5e_ARM_01,192.168.10.25,41.78,1.158,4.3,NORMAL
2026-06-28 17:15:41,UR5e_ARM_01,192.168.10.25,41.43,1.183,4.21,NORMAL
2026-06-28 17:16:11,UR5e_ARM_01,192.168.10.25,43.51,1.155,4.04,NORMAL
2026-06-28 17:16:41,UR5e_ARM_01,192.168.10.25,43.68,1.164,4.24,NORMAL
2026-06-28 17:17:11,UR5e_ARM_01,192.168.10.25,41.73,1.206,3.98,NORMAL
2026-06-28 17:17:41,UR5e_ARM_01,192.168.10.25,43.19,1.201,4.18,NORMAL
2026-06-28 17:18:11,UR5e_ARM_01,192.168.10.25,42.82,1.152,4.14,NORMAL
2026-06-28 17:18:41,UR5e_ARM_01,192.168.10.25,42.27,1.22,4.1,NORMAL
2026-06-28 17:19:11,UR5e_ARM_01,192.168.10.25,41.37,1.23,4.28,NORMAL
2026-06-28 17:19:41,UR5e_ARM_01,192.168.10.25,42.44,1.229,4.27,NORMAL
2026-06-28 17:20:11,UR5e_ARM_01,192.168.10.25,41.61,1.184,4.12,NORMAL
2026-06-28 17:20:41,UR5e_ARM_01,192.168.10.25,42.33,1.193,4.12,NORMAL
2026-06-28 17:21:11,UR5e_ARM_01,192.168.10.25,41.98,1.245,3.9,NORMAL
2026-06-28 17:21:41,UR5e_ARM_01,192.168.10.25,41.63,1.247,3.95,NORMAL
2026-06-28 17:22:11,UR5e_ARM_01,192.168.10.25,43.89,1.246,4.14,NORMAL
2026-06-28 17:22:41,UR5e_ARM_01,192.168.10.25,43.37,1.249,4.01,NORMAL
2026-06-28 17:23:11,UR5e_ARM_01,192.168.10.25,42.14,1.219,4.03,NORMAL
2026-06-28 17:23:41,UR5e_ARM_01,192.168.10.25,43.3,1.164,4.16,NORMAL
2026-06-28 17:24:11,UR5e_ARM_01,192.168.10.25,41.74,1.161,4.12,NORMAL
2026-06-28 17:24:41,UR5e_ARM_01,192.168.10.25,42.4,1.237,4.15,NORMAL
2026-06-28 17:25:11,UR5e_ARM_01,192.168.10.25,43.7,1.232,3.93,NORMAL
2026-06-28 17:25:41,UR5e_ARM_01,192.168.10.25,43.14,1.204,4.16,NORMAL
2026-06-28 17:26:11,UR5e_ARM_01,192.168.10.25,43.35,1.236,4.17,NORMAL
2026-06-28 17:26:41,UR5e_ARM_01,192.168.10.25,41.56,1.166,3.99,NORMAL
2026-06-28 17:27:11,UR5e_ARM_01,192.168.10.25,43.03,1.172,4.25,NORMAL
2026-06-28 17:27:41,UR5e_ARM_01,192.168.10.25,42.23,1.208,3.99,NORMAL
2026-06-28 17:28:11,UR5e_ARM_01,192.168.10.25,41.76,1.163,4.18,NORMAL
2026-06-28 17:28:41,UR5e_ARM_01,192.168.10.25,42.66,1.226,3.98,NORMAL
2026-06-28 17:29:11,UR5e_ARM_01,192.168.10.25,43.03,1.249,4.05,NORMAL
2026-06-28 17:29:41,UR5e_ARM_01,192.168.10.25,43.65,1.189,4.07,NORMAL
2026-06-28 17:30:11,UR5e_ARM_01,192.168.10.25,42.69,1.167,3.95,NORMAL
2026-06-28 17:30:41,UR5e_ARM_01,192.168.10.25,43.41,1.223,4.11,NORMAL
2026-06-28 17:31:11,UR5e_ARM_01,192.168.10.25,41.77,1.245,4.27,NORMAL
2026-06-28 17:31:41,UR5e_ARM_01,192.168.10.25,43.08,1.243,4.27,NORMAL
2026-06-28 17:32:11,UR5e_ARM_01,192.168.10.25,42.53,1.165,4.14,NORMAL
2026-06-28 17:32:41,UR5e_ARM_01,192.168.10.25,43.38,1.235,4.19,NORMAL
2026-06-28 17:33:11,UR5e_ARM_01,192.168.10.25,41.28,1.248,4.25,NORMAL
2026-06-28 17:33:41,UR5e_ARM_01,192.168.10.25,44.17,1.23,4.08,NORMAL
2026-06-28 17:34:11,UR5e_ARM_01,192.168.10.25,42.25,1.163,4.14,NORMAL
2026-06-28 17:34:41,UR5e_ARM_01,192.168.10.25,42.68,1.224,4.24,NORMAL
2026-06-28 17:35:11,UR5e_ARM_01,192.168.10.25,42.27,1.193,4.13,NORMAL
2026-06-28 17:35:41,UR5e_ARM_01,192.168.10.25,41.36,1.158,3.94,NORMAL
2026-06-28 17:36:11,UR5e_ARM_01,192.168.10.25,42.1,1.214,4.05,NORMAL
2026-06-28 17:36:41,UR5e_ARM_01,192.168.10.25,42.54,1.204,4.23,NORMAL
2026-06-28 17:37:11,UR5e_ARM_01,192.168.10.25,43.55,1.222,4.04,NORMAL
2026-06-28 17:37:41,UR5e_ARM_01,192.168.10.25,43.82,1.157,4.09,NORMAL
2026-06-28 17:38:11,UR5e_ARM_01,192.168.10.25,42.09,1.168,3.95,NORMAL
2026-06-28 17:38:41,UR5e_ARM_01,192.168.10.25,43.14,1.175,3.93,NORMAL
2026-06-28 17:39:11,UR5e_ARM_01,192.168.10.25,42.44,1.245,3.95,NORMAL
2026-06-28 17:39:41,UR5e_ARM_01,192.168.10.25,42.34,1.215,4.1,NORMAL
2026-06-28 17:40:11,UR5e_ARM_01,192.168.10.25,42.12,1.22,3.9,NORMAL
2026-06-28 17:40:41,UR5e_ARM_01,192.168.10.25,42.82,1.205,4.26,NORMAL
2026-06-28 17:41:11,UR5e_ARM_01,192.168.10.25,42.74,1.2,4.01,NORMAL
2026-06-28 17:41:41,UR5e_ARM_01,192.168.10.25,43.86,1.241,3.95,NORMAL
2026-06-28 17:42:11,UR5e_ARM_01,192.168.10.25,42.5,1.229,4.0,NORMAL
2026-06-28 17:42:41,UR5e_ARM_01,192.168.10.25,42.81,1.207,3.94,NORMAL
2026-06-28 17:43:11,UR5e_ARM_01,192.168.10.25,42.62,1.246,4.29,NORMAL
2026-06-28 17:43:41,UR5e_ARM_01,192.168.10.25,43.71,1.204,4.03,NORMAL
2026-06-28 17:44:11,UR5e_ARM_01,192.168.10.25,43.54,1.161,4.07,NORMAL
2026-06-28 17:44:41,UR5e_ARM_01,192.168.10.25,43.58,1.152,4.29,NORMAL
2026-06-28 17:45:11,UR5e_ARM_01,192.168.10.25,42.12,1.208,4.06,NORMAL
2026-06-28 17:45:41,UR5e_ARM_01,192.168.10.25,41.83,1.25,4.09,NORMAL
2026-06-28 17:46:11,UR5e_ARM_01,192.168.10.25,43.64,1.204,4.05,NORMAL
2026-06-28 17:46:41,UR5e_ARM_01,192.168.10.25,44.14,1.227,4.06,NORMAL
2026-06-28 17:47:11,UR5e_ARM_01,192.168.10.25,42.72,1.162,4.07,NORMAL
2026-06-28 17:47:41,UR5e_ARM_01,192.168.10.25,42.44,1.171,4.17,NORMAL
2026-06-28 17:48:11,UR5e_ARM_01,192.168.10.25,42.54,1.188,4.11,NORMAL
2026-06-28 17:48:41,UR5e_ARM_01,192.168.10.25,43.25,1.167,4.16,NORMAL
2026-06-28 17:49:11,UR5e_ARM_01,192.168.10.25,41.62,1.248,4.14,NORMAL
2026-06-28 17:49:41,UR5e_ARM_01,192.168.10.25,41.76,1.239,4.21,NORMAL
2026-06-28 17:50:11,UR5e_ARM_01,192.168.10.25,43.79,1.231,4.24,NORMAL
2026-06-28 17:50:41,UR5e_ARM_01,192.168.10.25,42.13,1.16,4.21,NORMAL
2026-06-28 17:51:11,UR5e_ARM_01,192.168.10.25,43.13,1.152,4.27,NORMAL
2026-06-28 17:51:41,UR5e_ARM_01,192.168.10.25,43.79,1.187,4.19,NORMAL
2026-06-28 17:52:11,UR5e_ARM_01,192.168.10.25,43.26,1.242,4.03,NORMAL
2026-06-28 17:52:41,UR5e_ARM_01,192.168.10.25,43.6,1.179,4.23,NORMAL
2026-06-28 17:53:11,UR5e_ARM_01,192.168.10.25,43.95,1.174,4.13,NORMAL
2026-06-28 17:53:41,UR5e_ARM_01,192.168.10.25,42.52,1.194,4.11,NORMAL
2026-06-28 17:54:11,UR5e_ARM_01,192.168.10.25,42.01,1.236,4.23,NORMAL
2026-06-28 17:54:41,UR5e_ARM_01,192.168.10.25,41.89,1.247,4.11,NORMAL
2026-06-28 17:55:11,UR5e_ARM_01,192.168.10.25,42.02,1.188,4.22,NORMAL
2026-06-28 17:55:41,UR5e_ARM_01,192.168.10.25,42.12,1.204,3.92,NORMAL
2026-06-28 17:56:11,UR5e_ARM_01,192.168.10.25,42.74,1.23,4.21,NORMAL
2026-06-28 17:56:41,UR5e_ARM_01,192.168.10.25,42.32,1.215,3.92,NORMAL
2026-06-28 17:57:11,UR5e_ARM_01,192.168.10.25,43.68,1.157,4.0,NORMAL
2026-06-28 17:57:41,UR5e_ARM_01,192.168.10.25,43.88,1.16,4.19,NORMAL
2026-06-28 17:58:11,UR5e_ARM_01,192.168.10.25,43.49,1.179,3.91,NORMAL
2026-06-28 17:58:41,UR5e_ARM_01,192.168.10.25,43.3,1.153,4.16,NORMAL
2026-06-28 17:59:11,UR5e_ARM_01,192.168.10.25,42.3,1.238,4.04,NORMAL
2026-06-28 17:59:41,UR5e_ARM_01,192.168.10.25,42.31,1.177,4.05,NORMAL
2026-06-28 18:00:11,UR5e_ARM_01,192.168.10.25,43.31,1.218,4.05,NORMAL
2026-06-28 18:00:41,UR5e_ARM_01,192.168.10.25,41.53,1.2,4.14,NORMAL
2026-06-28 18:01:11,UR5e_ARM_01,192.168.10.25,42.87,1.245,4.08,NORMAL
2026-06-28 18:01:41,UR5e_ARM_01,192.168.10.25,42.86,1.208,4.21,NORMAL
2026-06-28 18:02:11,UR5e_ARM_01,192.168.10.25,43.79,1.151,4.12,NORMAL
2026-06-28 18:02:41,UR5e_ARM_01,192.168.10.25,43.99,1.236,4.08,NORMAL
2026-06-28 18:03:11,UR5e_ARM_01,192.168.10.25,44.03,1.192,4.19,NORMAL
2026-06-28 18:03:41,UR5e_ARM_01,192.168.10.25,43.95,1.163,4.16,NORMAL
2026-06-28 18:04:11,UR5e_ARM_01,192.168.10.25,42.25,1.208,4.14,NORMAL
2026-06-28 18:04:41,UR5e_ARM_01,192.168.10.25,42.37,1.203,3.95,NORMAL
2026-06-28 18:05:11,UR5e_ARM_01,192.168.10.25,43.73,1.172,4.02,NORMAL
2026-06-28 18:05:41,UR5e_ARM_01,192.168.10.25,41.51,1.23,4.13,NORMAL
2026-06-28 18:06:11,UR5e_ARM_01,192.168.10.25,43.17,1.226,4.01,NORMAL
2026-06-28 18:06:41,UR5e_ARM_01,192.168.10.25,44.35,1.249,4.09,NORMAL
2026-06-28 18:07:11,UR5e_ARM_01,192.168.10.25,43.41,1.162,4.13,NORMAL
2026-06-28 18:07:41,UR5e_ARM_01,192.168.10.25,43.21,1.153,4.22,NORMAL
2026-06-28 18:08:11,UR5e_ARM_01,192.168.10.25,41.75,1.246,3.9,NORMAL
2026-06-28 18:08:41,UR5e_ARM_01,192.168.10.25,43.38,1.169,4.3,NORMAL
2026-06-28 18:09:11,UR5e_ARM_01,192.168.10.25,43.85,1.199,4.02,NORMAL
2026-06-28 18:09:41,UR5e_ARM_01,192.168.10.25,44.25,1.162,4.2,NORMAL
2026-06-28 18:10:11,UR5e_ARM_01,192.168.10.25,44.08,1.188,4.3,NORMAL
2026-06-28 18:10:41,UR5e_ARM_01,192.168.10.25,44.25,1.183,4.27,NORMAL
2026-06-28 18:11:11,UR5e_ARM_01,192.168.10.25,42.04,1.156,4.14,NORMAL
2026-06-28 18:11:41,UR5e_ARM_01,192.168.10.25,44.35,1.208,4.04,NORMAL
2026-06-28 18:12:11,UR5e_ARM_01,192.168.10.25,43.08,1.171,3.9,NORMAL
2026-06-28 18:12:41,UR5e_ARM_01,192.168.10.25,43.54,1.203,4.02,NORMAL
2026-06-28 18:13:11,UR5e_ARM_01,192.168.10.25,43.15,1.163,4.07,NORMAL
2026-06-28 18:13:41,UR5e_ARM_01,192.168.10.25,42.5,1.215,3.92,NORMAL
2026-06-28 18:14:11,UR5e_ARM_01,192.168.10.25,43.71,1.217,4.22,NORMAL
2026-06-28 18:14:41,UR5e_ARM_01,192.168.10.25,41.75,1.154,3.94,NORMAL
2026-06-28 18:15:11,UR5e_ARM_01,192.168.10.25,43.64,1.219,3.9,NORMAL
2026-06-28 18:15:41,UR5e_ARM_01,192.168.10.25,41.77,1.231,4.27,NORMAL
2026-06-28 18:16:11,UR5e_ARM_01,192.168.10.25,41.72,1.239,4.29,NORMAL
2026-06-28 18:16:41,UR5e_ARM_01,192.168.10.25,43.32,1.206,4.01,NORMAL
2026-06-28 18:17:11,UR5e_ARM_01,192.168.10.25,41.77,1.155,4.26,NORMAL
2026-06-28 18:17:41,UR5e_ARM_01,192.168.10.25,42.9,1.176,4.23,NORMAL
2026-06-28 18:18:11,UR5e_ARM_01,192.168.10.25,43.76,1.212,4.23,NORMAL
2026-06-28 18:18:41,UR5e_ARM_01,192.168.10.25,41.96,1.215,4.1,NORMAL
2026-06-28 18:19:11,UR5e_ARM_01,192.168.10.25,42.72,1.212,4.16,NORMAL
2026-06-28 18:19:41,UR5e_ARM_01,192.168.10.25,41.95,1.17,4.13,NORMAL
2026-06-28 18:20:11,UR5e_ARM_01,192.168.10.25,44.15,1.184,4.2,NORMAL
2026-06-28 18:20:41,UR5e_ARM_01,192.168.10.25,43.68,1.242,4.14,NORMAL
2026-06-28 18:21:11,UR5e_ARM_01,192.168.10.25,41.76,1.171,4.17,NORMAL
2026-06-28 18:21:41,UR5e_ARM_01,192.168.10.25,43.43,1.244,4.12,NORMAL
2026-06-28 18:22:11,UR5e_ARM_01,192.168.10.25,42.07,1.17,4.12,NORMAL
2026-06-28 18:22:41,UR5e_ARM_01,192.168.10.25,43.04,1.226,3.9,NORMAL
2026-06-28 18:23:11,UR5e_ARM_01,192.168.10.25,44.15,1.165,4.06,NORMAL
2026-06-28 18:23:41,UR5e_ARM_01,192.168.10.25,44.44,1.183,4.27,NORMAL
2026-06-28 18:24:11,UR5e_ARM_01,192.168.10.25,43.17,1.18,3.96,NORMAL
2026-06-28 18:24:41,UR5e_ARM_01,192.168.10.25,42.54,1.191,4.13,NORMAL
2026-06-28 18:25:11,UR5e_ARM_01,192.168.10.25,44.41,1.188,4.06,NORMAL
2026-06-28 18:25:41,UR5e_ARM_01,192.168.10.25,42.46,1.237,4.26,NORMAL
2026-06-28 18:26:11,UR5e_ARM_01,192.168.10.25,44.11,1.247,4.1,NORMAL
2026-06-28 18:26:41,UR5e_ARM_01,192.168.10.25,41.63,1.214,3.92,NORMAL
2026-06-28 18:27:11,UR5e_ARM_01,192.168.10.25,43.77,1.173,4.0,NORMAL
2026-06-28 18:27:41,UR5e_ARM_01,192.168.10.25,43.81,1.245,3.99,NORMAL
2026-06-28 18:28:11,UR5e_ARM_01,192.168.10.25,44.3,1.161,4.15,NORMAL
2026-06-28 18:28:41,UR5e_ARM_01,192.168.10.25,43.19,1.179,3.92,NORMAL
2026-06-28 18:29:11,UR5e_ARM_01,192.168.10.25,42.54,1.222,4.02,NORMAL
2026-06-28 18:29:41,UR5e_ARM_01,192.168.10.25,42.06,1.163,4.22,NORMAL
2026-06-28 18:30:11,UR5e_ARM_01,192.168.10.25,44.18,1.178,4.3,NORMAL
2026-06-28 18:30:41,UR5e_ARM_01,192.168.10.25,43.05,1.224,4.19,NORMAL
2026-06-28 18:31:11,UR5e_ARM_01,192.168.10.25,41.54,1.234,4.12,NORMAL
2026-06-28 18:31:41,UR5e_ARM_01,192.168.10.25,44.25,1.179,3.98,NORMAL
2026-06-28 18:32:11,UR5e_ARM_01,192.168.10.25,43.13,1.201,4.22,NORMAL
2026-06-28 18:32:41,UR5e_ARM_01,192.168.10.25,44.14,1.23,4.15,NORMAL
2026-06-28 18:33:11,UR5e_ARM_01,192.168.10.25,43.86,1.152,4.24,NORMAL
2026-06-28 18:33:41,UR5e_ARM_01,192.168.10.25,43.99,1.25,4.09,NORMAL
2026-06-28 18:34:11,UR5e_ARM_01,192.168.10.25,44.19,1.184,4.08,NORMAL
2026-06-28 18:34:41,UR5e_ARM_01,192.168.10.25,42.45,1.241,4.12,NORMAL
2026-06-28 18:35:11,UR5e_ARM_01,192.168.10.25,42.34,1.205,4.12,NORMAL
2026-06-28 18:35:41,UR5e_ARM_01,192.168.10.25,42.9,1.176,4.09,NORMAL
2026-06-28 18:36:11,UR5e_ARM_01,192.168.10.25,44.2,1.153,3.97,NORMAL
2026-06-28 18:36:41,UR5e_ARM_01,192.168.10.25,42.04,1.248,4.28,NORMAL
2026-06-28 18:37:11,UR5e_ARM_01,192.168.10.25,43.83,1.199,4.06,NORMAL
2026-06-28 18:37:41,UR5e_ARM_01,192.168.10.25,43.66,1.243,4.18,NORMAL
2026-06-28 18:38:11,UR5e_ARM_01,192.168.10.25,44.31,1.221,3.96,NORMAL
2026-06-28 18:38:41,UR5e_ARM_01,192.168.10.25,42.64,1.169,4.04,NORMAL
2026-06-28 18:39:11,UR5e_ARM_01,192.168.10.25,42.28,1.227,4.15,NORMAL
2026-06-28 18:39:41,UR5e_ARM_01,192.168.10.25,43.9,1.244,4.23,NORMAL
2026-06-28 18:40:11,UR5e_ARM_01,192.168.10.25,43.3,1.245,3.94,NORMAL
2026-06-28 18:40:41,UR5e_ARM_01,192.168.10.25,41.88,1.24,4.29,NORMAL
2026-06-28 18:41:11,UR5e_ARM_01,192.168.10.25,42.2,1.224,4.1,NORMAL
2026-06-28 18:41:41,UR5e_ARM_01,192.168.10.25,44.18,1.189,4.27,NORMAL
2026-06-28 18:42:11,UR5e_ARM_01,192.168.10.25,41.93,1.181,4.19,NORMAL
2026-06-28 18:42:41,UR5e_ARM_01,192.168.10.25,43.76,1.223,4.26,NORMAL
2026-06-28 18:43:11,UR5e_ARM_01,192.168.10.25,43.93,1.229,4.17,NORMAL
2026-06-28 18:43:41,UR5e_ARM_01,192.168.10.25,41.67,1.165,4.18,NORMAL
2026-06-28 18:44:11,UR5e_ARM_01,192.168.10.25,42.94,1.174,3.91,NORMAL
2026-06-28 18:44:41,UR5e_ARM_01,192.168.10.25,43.75,1.237,4.2,NORMAL
2026-06-28 18:45:11,UR5e_ARM_01,192.168.10.25,43.27,1.183,4.23,NORMAL
2026-06-28 18:45:41,UR5e_ARM_01,192.168.10.25,44.19,1.183,4.09,NORMAL
2026-06-28 18:46:11,UR5e_ARM_01,192.168.10.25,44.49,1.206,3.91,NORMAL
2026-06-28 18:46:41,UR5e_ARM_01,192.168.10.25,44.48,1.196,4.05,NORMAL
2026-06-28 18:47:11,UR5e_ARM_01,192.168.10.25,42.91,1.196,4.14,NORMAL
2026-06-28 18:47:41,UR5e_ARM_01,192.168.10.25,43.51,1.152,4.06,NORMAL
2026-06-28 18:48:11,UR5e_ARM_01,192.168.10.25,44.01,1.179,4.3,NORMAL
2026-06-28 18:48:41,UR5e_ARM_01,192.168.10.25,43.26,1.231,4.22,NORMAL
2026-06-28 18:49:11,UR5e_ARM_01,192.168.10.25,42.65,1.247,4.24,NORMAL
2026-06-28 18:49:41,UR5e_ARM_01,192.168.10.25,42.68,1.201,4.0,NORMAL
2026-06-28 18:50:11,UR5e_ARM_01,192.168.10.25,44.41,1.165,4.27,NORMAL
2026-06-28 18:50:41,UR5e_ARM_01,192.168.10.25,43.54,1.205,4.19,NORMAL
2026-06-28 18:51:11,UR5e_ARM_01,192.168.10.25,44.37,1.236,3.97,NORMAL
2026-06-28 18:51:41,UR5e_ARM_01,192.168.10.25,43.48,1.204,3.9,NORMAL
2026-06-28 18:52:11,UR5e_ARM_01,192.168.10.25,43.95,1.199,4.23,NORMAL
2026-06-28 18:52:41,UR5e_ARM_01,192.168.10.25,44.1,1.194,3.94,NORMAL
2026-06-28 18:53:11,UR5e_ARM_01,192.168.10.25,43.47,1.224,4.24,NORMAL
2026-06-28 18:53:41,UR5e_ARM_01,192.168.10.25,41.77,1.167,4.15,NORMAL
2026-06-28 18:54:11,UR5e_ARM_01,192.168.10.25,42.06,1.215,4.15,NORMAL
2026-06-28 18:54:41,UR5e_ARM_01,192.168.10.25,42.14,1.162,3.91,NORMAL
2026-06-28 18:55:11,UR5e_ARM_01,192.168.10.25,42.56,1.181,4.14,NORMAL
2026-06-28 18:55:41,UR5e_ARM_01,192.168.10.25,41.69,1.159,4.11,NORMAL
2026-06-28 18:56:11,UR5e_ARM_01,192.168.10.25,43.1,1.15,3.99,NORMAL
2026-06-28 18:56:41,UR5e_ARM_01,192.168.10.25,44.42,1.236,4.21,NORMAL
2026-06-28 18:57:11,UR5e_ARM_01,192.168.10.25,42.07,1.198,4.22,NORMAL
2026-06-28 18:57:41,UR5e_ARM_01,192.168.10.25,41.98,1.247,4.26,NORMAL
2026-06-28 18:58:11,UR5e_ARM_01,192.168.10.25,44.1,1.186,4.24,NORMAL
2026-06-28 18:58:41,UR5e_ARM_01,192.168.10.25,41.98,1.223,4.0,NORMAL
2026-06-28 18:59:11,UR5e_ARM_01,192.168.10.25,43.64,1.165,4.18,NORMAL
2026-06-28 18:59:41,UR5e_ARM_01,192.168.10.25,44.1,1.189,4.18,NORMAL
2026-06-28 19:00:11,UR5e_ARM_01,192.168.10.25,44.17,1.225,4.18,NORMAL
2026-06-28 19:00:41,UR5e_ARM_01,192.168.10.25,43.99,1.242,4.15,NORMAL
2026-06-28 19:01:11,UR5e_ARM_01,192.168.10.25,42.4,1.172,4.1,NORMAL
2026-06-28 19:01:41,UR5e_ARM_01,192.168.10.25,43.38,1.189,4.16,NORMAL
2026-06-28 19:02:11,UR5e_ARM_01,192.168.10.25,43.86,1.204,4.22,NORMAL
2026-06-28 19:02:41,UR5e_ARM_01,192.168.10.25,44.39,1.185,4.25,NORMAL
2026-06-28 19:03:11,UR5e_ARM_01,192.168.10.25,42.72,1.169,3.91,NORMAL
2026-06-28 19:03:41,UR5e_ARM_01,192.168.10.25,42.36,1.151,4.0,NORMAL
2026-06-28 19:04:11,UR5e_ARM_01,192.168.10.25,43.35,1.242,4.0,NORMAL
2026-06-28 19:04:41,UR5e_ARM_01,192.168.10.25,44.26,1.178,4.16,NORMAL
2026-06-28 19:05:11,UR5e_ARM_01,192.168.10.25,44.51,1.175,4.06,NORMAL
2026-06-28 19:05:41,UR5e_ARM_01,192.168.10.25,43.02,1.153,4.0,NORMAL
2026-06-28 19:06:11,UR5e_ARM_01,192.168.10.25,43.83,1.195,4.28,NORMAL
2026-06-28 19:06:41,UR5e_ARM_01,192.168.10.25,43.27,1.208,3.91,NORMAL
2026-06-28 19:07:11,UR5e_ARM_01,192.168.10.25,41.92,1.228,4.2,NORMAL
2026-06-28 19:07:41,UR5e_ARM_01,192.168.10.25,43.76,1.161,4.21,NORMAL
2026-06-28 19:08:11,UR5e_ARM_01,192.168.10.25,42.46,1.203,4.13,NORMAL
2026-06-28 19:08:41,UR5e_ARM_01,192.168.10.25,44.59,1.201,3.99,NORMAL
2026-06-28 19:09:11,UR5e_ARM_01,192.168.10.25,42.01,1.155,4.23,NORMAL
2026-06-28 19:09:41,UR5e_ARM_01,192.168.10.25,44.54,1.225,4.15,NORMAL
2026-06-28 19:10:11,UR5e_ARM_01,192.168.10.25,43.24,1.164,3.97,NORMAL
2026-06-28 19:10:41,UR5e_ARM_01,192.168.10.25,42.15,1.22,3.99,NORMAL
2026-06-28 19:11:11,UR5e_ARM_01,192.168.10.25,43.49,1.221,4.16,NORMAL
2026-06-28 19:11:41,UR5e_ARM_01,192.168.10.25,41.95,1.221,4.26,NORMAL
2026-06-28 19:12:11,UR5e_ARM_01,192.168.10.25,43.98,1.217,3.99,NORMAL
2026-06-28 19:12:41,UR5e_ARM_01,192.168.10.25,41.72,1.209,4.0,NORMAL
2026-06-28 19:13:11,UR5e_ARM_01,192.168.10.25,42.3,1.183,3.99,NORMAL
2026-06-28 19:13:41,UR5e_ARM_01,192.168.10.25,43.48,1.164,3.95,NORMAL
2026-06-28 19:14:11,UR5e_ARM_01,192.168.10.25,42.99,1.22,3.91,NORMAL
2026-06-28 19:14:41,UR5e_ARM_01,192.168.10.25,44.66,1.162,4.03,NORMAL
2026-06-28 19:15:11,UR5e_ARM_01,192.168.10.25,44.67,1.194,4.15,NORMAL
2026-06-28 19:15:41,UR5e_ARM_01,192.168.10.25,42.95,1.25,4.14,NORMAL
2026-06-28 19:16:11,UR5e_ARM_01,192.168.10.25,43.44,1.21,4.28,NORMAL
2026-06-28 19:16:41,UR5e_ARM_01,192.168.10.25,44.5,1.221,4.0,NORMAL
2026-06-28 19:17:11,UR5e_ARM_01,192.168.10.25,42.15,1.23,4.3,NORMAL
2026-06-28 19:17:41,UR5e_ARM_01,192.168.10.25,41.93,1.244,4.03,NORMAL
2026-06-28 19:18:11,UR5e_ARM_01,192.168.10.25,44.14,1.16,4.2,NORMAL
2026-06-28 19:18:41,UR5e_ARM_01,192.168.10.25,43.66,1.188,4.21,NORMAL
2026-06-28 19:19:11,UR5e_ARM_01,192.168.10.25,44.27,1.17,4.1,NORMAL
2026-06-28 19:19:41,UR5e_ARM_01,192.168.10.25,44.49,1.153,4.28,NORMAL
2026-06-28 19:20:11,UR5e_ARM_01,192.168.10.25,41.93,1.228,4.22,NORMAL
2026-06-28 19:20:41,UR5e_ARM_01,192.168.10.25,43.91,1.162,4.21,NORMAL
2026-06-28 19:21:11,UR5e_ARM_01,192.168.10.25,43.32,1.184,4.18,NORMAL
2026-06-28 19:21:41,UR5e_ARM_01,192.168.10.25,42.9,1.193,4.01,NORMAL
2026-06-28 19:22:11,UR5e_ARM_01,192.168.10.25,42.98,1.22,4.25,NORMAL
2026-06-28 19:22:41,UR5e_ARM_01,192.168.10.25,41.94,1.243,3.91,NORMAL
2026-06-28 19:23:11,UR5e_ARM_01,192.168.10.25,42.89,1.184,4.26,NORMAL
2026-06-28 19:23:41,UR5e_ARM_01,192.168.10.25,43.04,1.203,4.29,NORMAL
2026-06-28 19:24:11,UR5e_ARM_01,192.168.10.25,44.04,1.218,4.05,NORMAL
2026-06-28 19:24:41,UR5e_ARM_01,192.168.10.25,42.64,1.178,4.09,NORMAL
2026-06-28 19:25:11,UR5e_ARM_01,192.168.10.25,43.11,1.236,4.29,NORMAL
2026-06-28 19:25:41,UR5e_ARM_01,192.168.10.25,44.37,1.211,4.05,NORMAL
2026-06-28 19:26:11,UR5e_ARM_01,192.168.10.25,44.65,1.201,4.07,NORMAL
2026-06-28 19:26:41,UR5e_ARM_01,192.168.10.25,43.81,1.229,4.0,NORMAL
2026-06-28 19:27:11,UR5e_ARM_01,192.168.10.25,41.86,1.204,4.11,NORMAL
2026-06-28 19:27:41,UR5e_ARM_01,192.168.10.25,42.96,1.224,4.12,NORMAL
2026-06-28 19:28:11,UR5e_ARM_01,192.168.10.25,44.23,1.233,4.2,NORMAL
2026-06-28 19:28:41,UR5e_ARM_01,192.168.10.25,43.61,1.206,4.21,NORMAL
2026-06-28 19:29:11,UR5e_ARM_01,192.168.10.25,44.6,1.191,3.94,NORMAL
2026-06-28 19:29:41,UR5e_ARM_01,192.168.10.25,43.1,1.187,3.91,NORMAL
2026-06-28 19:30:11,UR5e_ARM_01,192.168.10.25,44.37,1.213,3.97,NORMAL
2026-06-28 19:30:41,UR5e_ARM_01,192.168.10.25,43.09,1.243,4.02,NORMAL
2026-06-28 19:31:11,UR5e_ARM_01,192.168.10.25,44.37,1.187,4.15,NORMAL
2026-06-28 19:31:41,UR5e_ARM_01,192.168.10.25,42.75,1.175,4.28,NORMAL
2026-06-28 19:32:11,UR5e_ARM_01,192.168.10.25,42.47,1.152,4.14,NORMAL
2026-06-28 19:32:41,UR5e_ARM_01,192.168.10.25,42.55,1.226,4.19,NORMAL
2026-06-28 19:33:11,UR5e_ARM_01,192.168.10.25,43.71,1.22,4.15,NORMAL
2026-06-28 19:33:41,UR5e_ARM_01,192.168.10.25,43.49,1.234,4.18,NORMAL
2026-06-28 19:34:11,UR5e_ARM_01,192.168.10.25,42.82,1.156,4.28,NORMAL
2026-06-28 19:34:41,UR5e_ARM_01,192.168.10.25,44.48,1.219,4.02,NORMAL
2026-06-28 19:35:11,UR5e_ARM_01,192.168.10.25,43.79,1.173,3.97,NORMAL
2026-06-28 19:35:41,UR5e_ARM_01,192.168.10.25,43.05,1.249,3.92,NORMAL
2026-06-28 19:36:11,UR5e_ARM_01,192.168.10.25,42.11,1.157,4.08,NORMAL
2026-06-28 19:36:41,UR5e_ARM_01,192.168.10.25,43.51,1.176,4.09,NORMAL
2026-06-28 19:37:11,UR5e_ARM_01,192.168.10.25,44.14,1.229,3.92,NORMAL
2026-06-28 19:37:41,UR5e_ARM_01,192.168.10.25,42.34,1.202,3.94,NORMAL
2026-06-28 19:38:11,UR5e_ARM_01,192.168.10.25,43.83,1.215,4.22,NORMAL
2026-06-28 19:38:41,UR5e_ARM_01,192.168.10.25,42.46,1.246,4.13,NORMAL
2026-06-28 19:39:11,UR5e_ARM_01,192.168.10.25,42.54,1.248,3.95,NORMAL
2026-06-28 19:39:41,UR5e_ARM_01,192.168.10.25,42.97,1.202,3.99,NORMAL
2026-06-28 19:40:11,UR5e_ARM_01,192.168.10.25,42.93,1.151,4.06,NORMAL
2026-06-28 19:40:41,UR5e_ARM_01,192.168.10.25,43.89,1.205,4.15,NORMAL
2026-06-28 19:41:11,UR5e_ARM_01,192.168.10.25,43.66,1.229,4.3,NORMAL
2026-06-28 19:41:41,UR5e_ARM_01,192.168.10.25,43.34,1.181,4.2,NORMAL
2026-06-28 19:42:11,UR5e_ARM_01,192.168.10.25,43.22,1.165,4.29,NORMAL
2026-06-28 19:42:41,UR5e_ARM_01,192.168.10.25,41.94,1.232,4.25,NORMAL
2026-06-28 19:43:11,UR5e_ARM_01,192.168.10.25,41.88,1.218,4.22,NORMAL
2026-06-28 19:43:41,UR5e_ARM_01,192.168.10.25,41.79,1.245,4.3,NORMAL
2026-06-28 19:44:11,UR5e_ARM_01,192.168.10.25,44.78,1.167,4.18,NORMAL
2026-06-28 19:44:41,UR5e_ARM_01,192.168.10.25,42.68,1.153,4.19,NORMAL
2026-06-28 19:45:11,UR5e_ARM_01,192.168.10.25,43.17,1.212,4.24,NORMAL
2026-06-28 19:45:41,UR5e_ARM_01,192.168.10.25,43.35,1.185,3.98,NORMAL
2026-06-28 19:46:11,UR5e_ARM_01,192.168.10.25,44.32,1.218,4.12,NORMAL
2026-06-28 19:46:41,UR5e_ARM_01,192.168.10.25,42.91,1.242,4.12,NORMAL
2026-06-28 19:47:11,UR5e_ARM_01,192.168.10.25,44.75,1.163,3.98,NORMAL
2026-06-28 19:47:41,UR5e_ARM_01,192.168.10.25,43.68,1.228,4.12,NORMAL
2026-06-28 19:48:11,UR5e_ARM_01,192.168.10.25,42.29,1.24,3.94,NORMAL
2026-06-28 19:48:41,UR5e_ARM_01,192.168.10.25,42.05,1.153,4.12,NORMAL
2026-06-28 19:49:11,UR5e_ARM_01,192.168.10.25,44.73,1.225,3.98,NORMAL
2026-06-28 19:49:41,UR5e_ARM_01,192.168.10.25,42.75,1.192,4.16,NORMAL
2026-06-28 19:50:11,UR5e_ARM_01,192.168.10.25,41.95,1.154,4.06,NORMAL
2026-06-28 19:50:41,UR5e_ARM_01,192.168.10.25,44.59,1.157,4.05,NORMAL
2026-06-28 19:51:11,UR5e_ARM_01,192.168.10.25,44.41,1.179,4.02,NORMAL
2026-06-28 19:51:41,UR5e_ARM_01,192.168.10.25,42.87,1.193,4.02,NORMAL
2026-06-28 19:52:11,UR5e_ARM_01,192.168.10.25,43.54,1.25,4.23,NORMAL
2026-06-28 19:52:41,UR5e_ARM_01,192.168.10.25,43.9,1.209,4.06,NORMAL
2026-06-28 19:53:11,UR5e_ARM_01,192.168.10.25,43.7,1.248,4.25,NORMAL
2026-06-28 19:53:41,UR5e_ARM_01,192.168.10.25,43.51,1.211,4.03,NORMAL
2026-06-28 19:54:11,UR5e_ARM_01,192.168.10.25,43.88,1.184,4.27,NORMAL
2026-06-28 19:54:41,UR5e_ARM_01,192.168.10.25,42.87,1.235,4.2,NORMAL
2026-06-28 19:55:11,UR5e_ARM_01,192.168.10.25,42.58,1.175,4.22,NORMAL
2026-06-28 19:55:41,UR5e_ARM_01,192.168.10.25,43.18,1.234,4.11,NORMAL
2026-06-28 19:56:11,UR5e_ARM_01,192.168.10.25,43.93,1.183,4.23,NORMAL
2026-06-28 19:56:41,UR5e_ARM_01,192.168.10.25,43.84,1.219,4.24,NORMAL
2026-06-28 19:57:11,UR5e_ARM_01,192.168.10.25,43.76,1.236,4.23,NORMAL
2026-06-28 19:57:41,UR5e_ARM_01,192.168.10.25,42.85,1.218,4.29,NORMAL
2026-06-28 19:58:11,UR5e_ARM_01,192.168.10.25,42.8,1.245,4.16,NORMAL
2026-06-28 19:58:41,UR5e_ARM_01,192.168.10.25,42.74,1.179,4.29,NORMAL
2026-06-28 19:59:11,UR5e_ARM_01,192.168.10.25,42.91,1.158,3.96,NORMAL
2026-06-28 19:59:41,UR5e_ARM_01,192.168.10.25,44.79,1.242,3.99,NORMAL
2026-06-28 20:00:11,UR5e_ARM_01,192.168.10.25,41.97,1.239,4.06,NORMAL
2026-06-28 20:00:41,UR5e_ARM_01,192.168.10.25,44.2,1.177,4.16,NORMAL
2026-06-28 20:01:11,UR5e_ARM_01,192.168.10.25,43.4,1.152,4.24,NORMAL
2026-06-28 20:01:41,UR5e_ARM_01,192.168.10.25,41.96,1.243,4.11,NORMAL
2026-06-28 20:02:11,UR5e_ARM_01,192.168.10.25,42.82,1.202,4.09,NORMAL
2026-06-28 20:02:41,UR5e_ARM_01,192.168.10.25,42.85,1.158,3.95,NORMAL
2026-06-28 20:03:11,UR5e_ARM_01,192.168.10.25,44.2,1.193,3.93,NORMAL
2026-06-28 20:03:41,UR5e_ARM_01,192.168.10.25,43.83,1.229,4.3,NORMAL
2026-06-28 20:04:11,UR5e_ARM_01,192.168.10.25,41.91,1.191,4.28,NORMAL
2026-06-28 20:04:41,UR5e_ARM_01,192.168.10.25,43.51,1.231,3.98,NORMAL
2026-06-28 20:05:11,UR5e_ARM_01,192.168.10.25,43.57,1.184,4.12,NORMAL
2026-06-28 20:05:41,UR5e_ARM_01,192.168.10.25,43.46,1.202,3.99,NORMAL
2026-06-28 20:06:11,UR5e_ARM_01,192.168.10.25,44.37,1.18,4.15,NORMAL
2026-06-28 20:06:41,UR5e_ARM_01,192.168.10.25,44.68,1.208,4.15,NORMAL
2026-06-28 20:07:11,UR5e_ARM_01,192.168.10.25,44.23,1.22,3.96,NORMAL
2026-06-28 20:07:41,UR5e_ARM_01,192.168.10.25,43.76,1.192,4.15,NORMAL
2026-06-28 20:08:11,UR5e_ARM_01,192.168.10.25,43.42,1.169,4.26,NORMAL
2026-06-28 20:08:41,UR5e_ARM_01,192.168.10.25,43.51,1.235,4.0,NORMAL
2026-06-28 20:09:11,UR5e_ARM_01,192.168.10.25,42.22,1.199,4.24,NORMAL
2026-06-28 20:09:41,UR5e_ARM_01,192.168.10.25,43.81,1.228,4.18,NORMAL
2026-06-28 20:10:11,UR5e_ARM_01,192.168.10.25,42.62,1.195,3.97,NORMAL
2026-06-28 20:10:41,UR5e_ARM_01,192.168.10.25,44.25,1.187,4.18,NORMAL
2026-06-28 20:11:11,UR5e_ARM_01,192.168.10.25,43.95,1.218,3.98,NORMAL
2026-06-28 20:11:41,UR5e_ARM_01,192.168.10.25,44.41,1.19,3.94,NORMAL
2026-06-28 20:12:11,UR5e_ARM_01,192.168.10.25,42.15,1.213,4.21,NORMAL
2026-06-28 20:12:41,UR5e_ARM_01,192.168.10.25,43.27,1.211,4.05,NORMAL
2026-06-28 20:13:11,UR5e_ARM_01,192.168.10.25,43.33,1.189,4.23,NORMAL
2026-06-28 20:13:41,UR5e_ARM_01,192.168.10.25,41.94,1.211,4.24,NORMAL
2026-06-28 20:14:11,UR5e_ARM_01,192.168.10.25,42.72,1.237,4.06,NORMAL
2026-06-28 20:14:41,UR5e_ARM_01,192.168.10.25,42.48,1.186,3.98,NORMAL
2026-06-28 20:15:11,UR5e_ARM_01,192.168.10.25,44.76,1.207,4.19,NORMAL
2026-06-28 20:15:41,UR5e_ARM_01,192.168.10.25,42.08,1.248,4.26,NORMAL
2026-06-28 20:16:11,UR5e_ARM_01,192.168.10.25,44.59,1.246,3.94,NORMAL
2026-06-28 20:16:41,UR5e_ARM_01,192.168.10.25,44.31,1.201,4.15,NORMAL
2026-06-28 20:17:11,UR5e_ARM_01,192.168.10.25,44.86,1.226,4.21,NORMAL
2026-06-28 20:17:41,UR5e_ARM_01,192.168.10.25,44.74,1.173,4.12,NORMAL
2026-06-28 20:18:11,UR5e_ARM_01,192.168.10.25,43.66,1.244,3.9,NORMAL
2026-06-28 20:18:41,UR5e_ARM_01,192.168.10.25,44.52,1.224,4.13,NORMAL
2026-06-28 20:19:11,UR5e_ARM_01,192.168.10.25,44.35,1.231,4.29,NORMAL
2026-06-28 20:19:41,UR5e_ARM_01,192.168.10.25,42.71,1.232,4.22,NORMAL
2026-06-28 20:20:11,UR5e_ARM_01,192.168.10.25,42.12,1.169,3.9,NORMAL
2026-06-28 20:20:41,UR5e_ARM_01,192.168.10.25,42.83,1.17,4.13,NORMAL
2026-06-28 20:21:11,UR5e_ARM_01,192.168.10.25,43.4,1.165,4.29,NORMAL
2026-06-28 20:21:41,UR5e_ARM_01,192.168.10.25,43.48,1.201,4.1,NORMAL
2026-06-28 20:22:11,UR5e_ARM_01,192.168.10.25,44.23,1.175,4.25,NORMAL
2026-06-28 20:22:41,UR5e_ARM_01,192.168.10.25,43.61,1.236,4.16,NORMAL
2026-06-28 20:23:11,UR5e_ARM_01,192.168.10.25,44.45,1.208,4.26,NORMAL
2026-06-28 20:23:41,UR5e_ARM_01,192.168.10.25,42.67,1.17,4.15,NORMAL
2026-06-28 20:24:11,UR5e_ARM_01,192.168.10.25,44.21,1.168,4.18,NORMAL
2026-06-28 20:24:41,UR5e_ARM_01,192.168.10.25,43.47,1.231,4.23,NORMAL
2026-06-28 20:25:11,UR5e_ARM_01,192.168.10.25,43.4,1.221,4.18,NORMAL
2026-06-28 20:25:41,UR5e_ARM_01,192.168.10.25,42.43,1.17,4.09,NORMAL
2026-06-28 20:26:11,UR5e_ARM_01,192.168.10.25,43.0,1.221,3.99,NORMAL
2026-06-28 20:26:41,UR5e_ARM_01,192.168.10.25,43.33,1.18,4.16,NORMAL
2026-06-28 20:27:11,UR5e_ARM_01,192.168.10.25,43.03,1.155,4.19,NORMAL
2026-06-28 20:27:41,UR5e_ARM_01,192.168.10.25,44.83,1.175,3.96,NORMAL
2026-06-28 20:28:11,UR5e_ARM_01,192.168.10.25,43.2,1.171,4.24,NORMAL
2026-06-28 20:28:41,UR5e_ARM_01,192.168.10.25,42.1,1.206,4.13,NORMAL
2026-06-28 20:29:11,UR5e_ARM_01,192.168.10.25,43.76,1.208,3.91,NORMAL
2026-06-28 20:29:41,UR5e_ARM_01,192.168.10.25,42.22,1.183,4.1,NORMAL
2026-06-28 20:30:11,UR5e_ARM_01,192.168.10.25,42.38,1.197,4.0,NORMAL
2026-06-28 20:30:41,UR5e_ARM_01,192.168.10.25,43.95,1.22,3.94,NORMAL
2026-06-28 20:31:11,UR5e_ARM_01,192.168.10.25,43.08,1.201,4.11,NORMAL
2026-06-28 20:31:41,UR5e_ARM_01,192.168.10.25,44.02,1.187,3.91,NORMAL
2026-06-28 20:32:11,UR5e_ARM_01,192.168.10.25,44.66,1.15,4.29,NORMAL
2026-06-28 20:32:41,UR5e_ARM_01,192.168.10.25,44.96,1.181,4.11,NORMAL
2026-06-28 20:33:11,UR5e_ARM_01,192.168.10.25,42.26,1.159,4.22,NORMAL
2026-06-28 20:33:41,UR5e_ARM_01,192.168.10.25,42.25,1.161,4.19,NORMAL
2026-06-28 20:34:11,UR5e_ARM_01,192.168.10.25,43.01,1.249,4.27,NORMAL
2026-06-28 20:34:41,UR5e_ARM_01,192.168.10.25,44.42,1.154,3.95,NORMAL
2026-06-28 20:35:11,UR5e_ARM_01,192.168.10.25,42.7,1.214,4.23,NORMAL
2026-06-28 20:35:41,UR5e_ARM_01,192.168.10.25,44.6,1.201,4.05,NORMAL
2026-06-28 20:36:11,UR5e_ARM_01,192.168.10.25,43.14,1.224,4.0,NORMAL
2026-06-28 20:36:41,UR5e_ARM_01,192.168.10.25,44.62,1.202,4.23,NORMAL
2026-06-28 20:37:11,UR5e_ARM_01,192.168.10.25,43.07,1.229,4.08,NORMAL
2026-06-28 20:37:41,UR5e_ARM_01,192.168.10.25,42.61,1.183,3.93,NORMAL
2026-06-28 20:38:11,UR5e_ARM_01,192.168.10.25,42.05,1.219,3.96,NORMAL
2026-06-28 20:38:41,UR5e_ARM_01,192.168.10.25,42.62,1.166,4.14,NORMAL
2026-06-28 20:39:11,UR5e_ARM_01,192.168.10.25,42.18,1.246,4.05,NORMAL
2026-06-28 20:39:41,UR5e_ARM_01,192.168.10.25,44.18,1.233,4.23,NORMAL
2026-06-28 20:40:11,UR5e_ARM_01,192.168.10.25,42.58,1.159,4.15,NORMAL
2026-06-28 20:40:41,UR5e_ARM_01,192.168.10.25,44.72,1.203,4.17,NORMAL
2026-06-28 20:41:11,UR5e_ARM_01,192.168.10.25,44.04,1.241,4.23,NORMAL
2026-06-28 20:41:41,UR5e_ARM_01,192.168.10.25,43.13,1.168,4.04,NORMAL
2026-06-28 20:42:11,UR5e_ARM_01,192.168.10.25,43.64,1.221,4.18,NORMAL
2026-06-28 20:42:41,UR5e_ARM_01,192.168.10.25,42.11,1.198,4.26,NORMAL
2026-06-28 20:43:11,UR5e_ARM_01,192.168.10.25,43.63,1.195,4.07,NORMAL
2026-06-28 20:43:41,UR5e_ARM_01,192.168.10.25,44.8,1.186,4.1,NORMAL
2026-06-28 20:44:11,UR5e_ARM_01,192.168.10.25,42.03,1.156,4.12,NORMAL
2026-06-28 20:44:41,UR5e_ARM_01,192.168.10.25,44.02,1.161,3.91,NORMAL
2026-06-28 20:45:11,UR5e_ARM_01,192.168.10.25,44.04,1.246,4.14,NORMAL
2026-06-28 20:45:41,UR5e_ARM_01,192.168.10.25,42.06,1.175,4.24,NORMAL
2026-06-28 20:46:11,UR5e_ARM_01,192.168.10.25,43.62,1.164,4.11,NORMAL
2026-06-28 20:46:41,UR5e_ARM_01,192.168.10.25,43.31,1.178,4.23,NORMAL
2026-06-28 20:47:11,UR5e_ARM_01,192.168.10.25,42.92,1.186,3.96,NORMAL
2026-06-28 20:47:41,UR5e_ARM_01,192.168.10.25,42.13,1.192,3.98,NORMAL
2026-06-28 20:48:11,UR5e_ARM_01,192.168.10.25,42.94,1.192,4.15,NORMAL
2026-06-28 20:48:41,UR5e_ARM_01,192.168.10.25,43.53,1.192,4.23,NORMAL
2026-06-28 20:49:11,UR5e_ARM_01,192.168.10.25,43.8,1.21,4.08,NORMAL
2026-06-28 20:49:41,UR5e_ARM_01,192.168.10.25,44.98,1.185,4.04,NORMAL
2026-06-28 20:50:11,UR5e_ARM_01,192.168.10.25,43.88,1.2,4.17,NORMAL
2026-06-28 20:50:41,UR5e_ARM_01,192.168.10.25,43.58,1.177,4.09,NORMAL
2026-06-28 20:51:11,UR5e_ARM_01,192.168.10.25,43.02,1.236,4.25,NORMAL
2026-06-28 20:51:41,UR5e_ARM_01,192.168.10.25,44.88,1.194,3.98,NORMAL
2026-06-28 20:52:11,UR5e_ARM_01,192.168.10.25,44.15,1.241,4.16,NORMAL
2026-06-28 20:52:41,UR5e_ARM_01,192.168.10.25,42.33,1.198,4.03,NORMAL
2026-06-28 20:53:11,UR5e_ARM_01,192.168.10.25,42.62,1.189,4.0,NORMAL
2026-06-28 20:53:41,UR5e_ARM_01,192.168.10.25,42.2,1.222,3.9,NORMAL
2026-06-28 20:54:11,UR5e_ARM_01,192.168.10.25,45.04,1.181,4.05,NORMAL
2026-06-28 20:54:41,UR5e_ARM_01,192.168.10.25,43.6,1.237,4.0,NORMAL
2026-06-28 20:55:11,UR5e_ARM_01,192.168.10.25,44.91,1.249,3.98,NORMAL
2026-06-28 20:55:41,UR5e_ARM_01,192.168.10.25,43.21,1.245,3.98,NORMAL
2026-06-28 20:56:11,UR5e_ARM_01,192.168.10.25,43.1,1.243,4.19,NORMAL
2026-06-28 20:56:41,UR5e_ARM_01,192.168.10.25,42.34,1.23,4.15,NORMAL
2026-06-28 20:57:11,UR5e_ARM_01,192.168.10.25,44.33,1.238,4.15,NORMAL
2026-06-28 20:57:41,UR5e_ARM_01,192.168.10.25,42.82,1.244,3.99,NORMAL
2026-06-28 20:58:11,UR5e_ARM_01,192.168.10.25,44.45,1.215,4.23,NORMAL
2026-06-28 20:58:41,UR5e_ARM_01,192.168.10.25,43.09,1.236,4.15,NORMAL
2026-06-28 20:59:11,UR5e_ARM_01,192.168.10.25,43.96,1.162,4.16,NORMAL
2026-06-28 20:59:41,UR5e_ARM_01,192.168.10.25,44.93,1.154,3.95,NORMAL
2026-06-28 21:00:11,UR5e_ARM_01,192.168.10.25,42.88,1.189,4.09,NORMAL
2026-06-28 21:00:41,UR5e_ARM_01,192.168.10.25,43.89,1.245,3.9,NORMAL
2026-06-28 21:01:11,UR5e_ARM_01,192.168.10.25,42.15,1.218,3.97,NORMAL
2026-06-28 21:01:41,UR5e_ARM_01,192.168.10.25,43.6,1.245,4.15,NORMAL
2026-06-28 21:02:11,UR5e_ARM_01,192.168.10.25,44.94,1.176,4.22,NORMAL
2026-06-28 21:02:41,UR5e_ARM_01,192.168.10.25,42.19,1.174,3.97,NORMAL
2026-06-28 21:03:11,UR5e_ARM_01,192.168.10.25,44.45,1.207,4.03,NORMAL
2026-06-28 21:03:41,UR5e_ARM_01,192.168.10.25,44.33,1.177,4.21,NORMAL
2026-06-28 21:04:11,UR5e_ARM_01,192.168.10.25,42.18,1.241,4.05,NORMAL
2026-06-28 21:04:41,UR5e_ARM_01,192.168.10.25,42.18,1.246,4.08,NORMAL
2026-06-28 21:05:11,UR5e_ARM_01,192.168.10.25,45.0,1.249,4.12,NORMAL
2026-06-28 21:05:41,UR5e_ARM_01,192.168.10.25,43.74,1.182,4.05,NORMAL
2026-06-28 21:06:11,UR5e_ARM_01,192.168.10.25,44.05,1.207,4.02,NORMAL
2026-06-28 21:06:41,UR5e_ARM_01,192.168.10.25,42.55,1.229,4.01,NORMAL
2026-06-28 21:07:11,UR5e_ARM_01,192.168.10.25,42.65,1.22,4.07,NORMAL
2026-06-28 21:07:41,UR5e_ARM_01,192.168.10.25,42.66,1.207,4.27,NORMAL
2026-06-28 21:08:11,UR5e_ARM_01,192.168.10.25,42.9,1.17,4.17,NORMAL
2026-06-28 21:08:41,UR5e_ARM_01,192.168.10.25,42.89,1.201,4.04,NORMAL
2026-06-28 21:09:11,UR5e_ARM_01,192.168.10.25,42.59,1.239,3.91,NORMAL
2026-06-28 21:09:41,UR5e_ARM_01,192.168.10.25,44.24,1.24,4.28,NORMAL
2026-06-28 21:10:11,UR5e_ARM_01,192.168.10.25,44.76,1.16,4.18,NORMAL
2026-06-28 21:10:41,UR5e_ARM_01,192.168.10.25,45.09,1.247,4.21,NORMAL
2026-06-28 21:11:11,UR5e_ARM_01,192.168.10.25,44.6,1.171,3.96,NORMAL
2026-06-28 21:11:41,UR5e_ARM_01,192.168.10.25,44.1,1.168,4.21,NORMAL
2026-06-28 21:12:11,UR5e_ARM_01,192.168.10.25,44.8,1.203,4.21,NORMAL
2026-06-28 21:12:41,UR5e_ARM_01,192.168.10.25,44.36,1.243,3.95,NORMAL
2026-06-28 21:13:11,UR5e_ARM_01,192.168.10.25,43.83,1.177,4.05,NORMAL
2026-06-28 21:13:41,UR5e_ARM_01,192.168.10.25,42.17,1.159,4.26,NORMAL
2026-06-28 21:14:11,UR5e_ARM_01,192.168.10.25,44.34,1.229,4.27,NORMAL
2026-06-28 21:14:41,UR5e_ARM_01,192.168.10.25,43.33,1.241,3.96,NORMAL
2026-06-28 21:15:11,UR5e_ARM_01,192.168.10.25,44.99,1.159,4.27,NORMAL
2026-06-28 21:15:41,UR5e_ARM_01,192.168.10.25,42.7,1.235,4.17,NORMAL
2026-06-28 21:16:11,UR5e_ARM_01,192.168.10.25,44.38,1.173,4.16,NORMAL
2026-06-28 21:16:41,UR5e_ARM_01,192.168.10.25,42.58,1.23,4.21,NORMAL
2026-06-28 21:17:11,UR5e_ARM_01,192.168.10.25,42.26,1.226,4.13,NORMAL
2026-06-28 21:17:41,UR5e_ARM_01,192.168.10.25,45.12,1.243,4.0,NORMAL
2026-06-28 21:18:11,UR5e_ARM_01,192.168.10.25,44.64,1.166,4.29,NORMAL
2026-06-28 21:18:41,UR5e_ARM_01,192.168.10.25,43.05,1.179,4.01,NORMAL
2026-06-28 21:19:11,UR5e_ARM_01,192.168.10.25,42.17,1.172,4.23,NORMAL
2026-06-28 21:19:41,UR5e_ARM_01,192.168.10.25,44.5,1.209,4.27,NORMAL
2026-06-28 21:20:11,UR5e_ARM_01,192.168.10.25,43.06,1.152,4.12,NORMAL
2026-06-28 21:20:41,UR5e_ARM_01,192.168.10.25,44.66,1.169,4.1,NORMAL
2026-06-28 21:21:11,UR5e_ARM_01,192.168.10.25,44.3,1.198,3.95,NORMAL
2026-06-28 21:21:41,UR5e_ARM_01,192.168.10.25,42.33,1.218,3.92,NORMAL
2026-06-28 21:22:11,UR5e_ARM_01,192.168.10.25,44.07,1.217,4.22,NORMAL
2026-06-28 21:22:41,UR5e_ARM_01,192.168.10.25,43.72,1.2,4.13,NORMAL
2026-06-28 21:23:11,UR5e_ARM_01,192.168.10.25,43.73,1.165,4.04,NORMAL
2026-06-28 21:23:41,UR5e_ARM_01,192.168.10.25,44.08,1.162,4.17,NORMAL
2026-06-28 21:24:11,UR5e_ARM_01,192.168.10.25,43.15,1.153,4.29,NORMAL
2026-06-28 21:24:41,UR5e_ARM_01,192.168.10.25,42.43,1.2,3.98,NORMAL
2026-06-28 21:25:11,UR5e_ARM_01,192.168.10.25,44.74,1.171,4.06,NORMAL
2026-06-28 21:25:41,UR5e_ARM_01,192.168.10.25,44.14,1.217,4.28,NORMAL
2026-06-28 21:26:11,UR5e_ARM_01,192.168.10.25,44.59,1.226,4.02,NORMAL
2026-06-28 21:26:41,UR5e_ARM_01,192.168.10.25,45.09,1.225,3.95,NORMAL
2026-06-28 21:27:11,UR5e_ARM_01,192.168.10.25,45.03,1.233,4.08,NORMAL
2026-06-28 21:27:41,UR5e_ARM_01,192.168.10.25,42.78,1.17,4.04,NORMAL
2026-06-28 21:28:11,UR5e_ARM_01,192.168.10.25,44.5,1.24,4.27,NORMAL
2026-06-28 21:28:41,UR5e_ARM_01,192.168.10.25,43.68,1.171,4.15,NORMAL
2026-06-28 21:29:11,UR5e_ARM_01,192.168.10.25,44.59,1.249,4.01,NORMAL
2026-06-28 21:29:41,UR5e_ARM_01,192.168.10.25,43.9,1.217,4.27,NORMAL
2026-06-28 21:30:11,UR5e_ARM_01,192.168.10.25,42.24,1.156,4.07,NORMAL
2026-06-28 21:30:41,UR5e_ARM_01,192.168.10.25,42.76,1.247,4.25,NORMAL
2026-06-28 21:31:11,UR5e_ARM_01,192.168.10.25,42.35,1.203,4.14,NORMAL
2026-06-28 21:31:41,UR5e_ARM_01,192.168.10.25,43.88,1.243,4.2,NORMAL
2026-06-28 21:32:11,UR5e_ARM_01,192.168.10.25,42.77,1.173,4.12,NORMAL
2026-06-28 21:32:41,UR5e_ARM_01,192.168.10.25,44.16,1.218,4.27,NORMAL
2026-06-28 21:33:11,UR5e_ARM_01,192.168.10.25,43.78,1.18,4.04,NORMAL
2026-06-28 21:33:41,UR5e_ARM_01,192.168.10.25,43.88,1.229,4.28,NORMAL
2026-06-28 21:34:11,UR5e_ARM_01,192.168.10.25,44.49,1.24,4.28,NORMAL
2026-06-28 21:34:41,UR5e_ARM_01,192.168.10.25,43.53,1.25,4.03,NORMAL
2026-06-28 21:35:11,UR5e_ARM_01,192.168.10.25,44.6,1.218,4.02,NORMAL
2026-06-28 21:35:41,UR5e_ARM_01,192.168.10.25,44.82,1.156,3.95,NORMAL
2026-06-28 21:36:11,UR5e_ARM_01,192.168.10.25,45.22,1.245,3.94,NORMAL
2026-06-28 21:36:41,UR5e_ARM_01,192.168.10.25,44.6,1.193,4.11,NORMAL
2026-06-28 21:37:11,UR5e_ARM_01,192.168.10.25,44.83,1.217,3.93,NORMAL
2026-06-28 21:37:41,UR5e_ARM_01,192.168.10.25,43.49,1.17,4.22,NORMAL
2026-06-28 21:38:11,UR5e_ARM_01,192.168.10.25,45.09,1.249,3.96,NORMAL
2026-06-28 21:38:41,UR5e_ARM_01,192.168.10.25,45.02,1.182,4.3,NORMAL
2026-06-28 21:39:11,UR5e_ARM_01,192.168.10.25,42.63,1.201,4.08,NORMAL
2026-06-28 21:39:41,UR5e_ARM_01,192.168.10.25,43.53,1.248,4.04,NORMAL
2026-06-28 21:40:11,UR5e_ARM_01,192.168.10.25,42.31,1.224,3.91,NORMAL
2026-06-28 21:40:41,UR5e_ARM_01,192.168.10.25,42.57,1.166,4.14,NORMAL
2026-06-28 21:41:11,UR5e_ARM_01,192.168.10.25,44.31,1.165,4.06,NORMAL
2026-06-28 21:41:41,UR5e_ARM_01,192.168.10.25,42.62,1.214,4.13,NORMAL
2026-06-28 21:42:11,UR5e_ARM_01,192.168.10.25,44.91,1.155,3.92,NORMAL
2026-06-28 21:42:41,UR5e_ARM_01,192.168.10.25,42.69,1.222,4.03,NORMAL
2026-06-28 21:43:11,UR5e_ARM_01,192.168.10.25,42.75,1.238,3.96,NORMAL
2026-06-28 21:43:41,UR5e_ARM_01,192.168.10.25,45.06,1.237,4.08,NORMAL
2026-06-28 21:44:11,UR5e_ARM_01,192.168.10.25,43.49,1.166,4.2,NORMAL
2026-06-28 21:44:41,UR5e_ARM_01,192.168.10.25,42.92,1.245,3.98,NORMAL
2026-06-28 21:45:11,UR5e_ARM_01,192.168.10.25,44.18,1.217,4.12,NORMAL
2026-06-28 21:45:41,UR5e_ARM_01,192.168.10.25,44.0,1.245,4.19,NORMAL
2026-06-28 21:46:11,UR5e_ARM_01,192.168.10.25,44.03,1.231,4.28,NORMAL
2026-06-28 21:46:41,UR5e_ARM_01,192.168.10.25,43.51,1.24,4.1,NORMAL
2026-06-28 21:47:11,UR5e_ARM_01,192.168.10.25,42.33,1.191,3.97,NORMAL
2026-06-28 21:47:41,UR5e_ARM_01,192.168.10.25,42.41,1.159,4.09,NORMAL
2026-06-28 21:48:11,UR5e_ARM_01,192.168.10.25,43.74,1.19,3.96,NORMAL
2026-06-28 21:48:41,UR5e_ARM_01,192.168.10.25,43.57,1.178,4.06,NORMAL
2026-06-28 21:49:11,UR5e_ARM_01,192.168.10.25,43.49,1.246,4.05,NORMAL
2026-06-28 21:49:41,UR5e_ARM_01,192.168.10.25,43.88,1.241,4.19,NORMAL
2026-06-28 21:50:11,UR5e_ARM_01,192.168.10.25,42.79,1.176,4.14,NORMAL
2026-06-28 21:50:41,UR5e_ARM_01,192.168.10.25,42.41,1.231,4.24,NORMAL
2026-06-28 21:51:11,UR5e_ARM_01,192.168.10.25,42.89,1.16,4.11,NORMAL
2026-06-28 21:51:41,UR5e_ARM_01,192.168.10.25,44.35,1.239,3.97,NORMAL
2026-06-28 21:52:11,UR5e_ARM_01,192.168.10.25,44.78,1.22,4.06,NORMAL
2026-06-28 21:52:41,UR5e_ARM_01,192.168.10.25,43.31,1.205,4.08,NORMAL
2026-06-28 21:53:11,UR5e_ARM_01,192.168.10.25,45.1,1.215,4.2,NORMAL
2026-06-28 21:53:41,UR5e_ARM_01,192.168.10.25,42.87,1.157,4.25,NORMAL
2026-06-28 21:54:11,UR5e_ARM_01,192.168.10.25,42.33,1.191,3.94,NORMAL
2026-06-28 21:54:41,UR5e_ARM_01,192.168.10.25,44.98,1.25,4.23,NORMAL
2026-06-28 21:55:11,UR5e_ARM_01,192.168.10.25,45.09,1.241,4.16,NORMAL
2026-06-28 21:55:41,UR5e_ARM_01,192.168.10.25,43.79,1.185,4.23,NORMAL
2026-06-28 21:56:11,UR5e_ARM_01,192.168.10.25,42.53,1.234,4.14,NORMAL
2026-06-28 21:56:41,UR5e_ARM_01,192.168.10.25,42.82,1.237,4.18,NORMAL
2026-06-28 21:57:11,UR5e_ARM_01,192.168.10.25,42.33,1.236,4.23,NORMAL
2026-06-28 21:57:41,UR5e_ARM_01,192.168.10.25,44.6,1.215,3.94,NORMAL
2026-06-28 21:58:11,UR5e_ARM_01,192.168.10.25,43.67,1.195,4.02,NORMAL
2026-06-28 21:58:41,UR5e_ARM_01,192.168.10.25,45.24,1.243,4.16,NORMAL
2026-06-28 21:59:11,UR5e_ARM_01,192.168.10.25,42.79,1.195,3.94,NORMAL
2026-06-28 21:59:41,UR5e_ARM_01,192.168.10.25,42.65,1.172,4.03,NORMAL
2026-06-28 22:00:11,UR5e_ARM_01,192.168.10.25,45.04,1.206,4.15,NORMAL
2026-06-28 22:00:41,UR5e_ARM_01,192.168.10.25,42.42,1.152,4.06,NORMAL
2026-06-28 22:01:11,UR5e_ARM_01,192.168.10.25,43.28,1.152,4.12,NORMAL
2026-06-28 22:01:41,UR5e_ARM_01,192.168.10.25,44.03,1.242,4.26,NORMAL
2026-06-28 22:02:11,UR5e_ARM_01,192.168.10.25,43.65,1.237,3.96,NORMAL
2026-06-28 22:02:41,UR5e_ARM_01,192.168.10.25,44.15,1.222,4.11,NORMAL
2026-06-28 22:03:11,UR5e_ARM_01,192.168.10.25,42.87,1.185,4.26,NORMAL
2026-06-28 22:03:41,UR5e_ARM_01,192.168.10.25,42.97,1.226,4.13,NORMAL
2026-06-28 22:04:11,UR5e_ARM_01,192.168.10.25,43.72,1.219,4.23,NORMAL
2026-06-28 22:04:41,UR5e_ARM_01,192.168.10.25,43.26,1.164,4.0,NORMAL
2026-06-28 22:05:11,UR5e_ARM_01,192.168.10.25,43.42,1.224,3.92,NORMAL
2026-06-28 22:05:41,UR5e_ARM_01,192.168.10.25,43.37,1.188,4.05,NORMAL
2026-06-28 22:06:11,UR5e_ARM_01,192.168.10.25,43.92,1.165,3.95,NORMAL
2026-06-28 22:06:41,UR5e_ARM_01,192.168.10.25,42.43,1.236,4.26,NORMAL
2026-06-28 22:07:11,UR5e_ARM_01,192.168.10.25,45.01,1.228,4.25,NORMAL
2026-06-28 22:07:41,UR5e_ARM_01,192.168.10.25,42.89,1.224,4.15,NORMAL
2026-06-28 22:08:11,UR5e_ARM_01,192.168.10.25,43.75,1.222,4.0,NORMAL
2026-06-28 22:08:41,UR5e_ARM_01,192.168.10.25,42.76,1.196,3.99,NORMAL
2026-06-28 22:09:11,UR5e_ARM_01,192.168.10.25,42.99,1.198,4.21,NORMAL
2026-06-28 22:09:41,UR5e_ARM_01,192.168.10.25,44.9,1.234,4.03,NORMAL
2026-06-28 22:10:11,UR5e_ARM_01,192.168.10.25,43.25,1.172,3.94,NORMAL
2026-06-28 22:10:41,UR5e_ARM_01,192.168.10.25,45.14,1.21,4.25,NORMAL
2026-06-28 22:11:11,UR5e_ARM_01,192.168.10.25,44.32,1.201,4.19,NORMAL
2026-06-28 22:11:41,UR5e_ARM_01,192.168.10.25,43.37,1.223,3.99,NORMAL
2026-06-28 22:12:11,UR5e_ARM_01,192.168.10.25,43.87,1.222,4.18,NORMAL
2026-06-28 22:12:41,UR5e_ARM_01,192.168.10.25,43.57,1.203,4.08,NORMAL
2026-06-28 22:13:11,UR5e_ARM_01,192.168.10.25,44.94,1.229,4.09,NORMAL
2026-06-28 22:13:41,UR5e_ARM_01,192.168.10.25,43.46,1.243,3.94,NORMAL
2026-06-28 22:14:11,UR5e_ARM_01,192.168.10.25,43.21,1.189,4.15,NORMAL
2026-06-28 22:14:41,UR5e_ARM_01,192.168.10.25,43.58,1.163,4.08,NORMAL
2026-06-28 22:15:11,UR5e_ARM_01,192.168.10.25,42.92,1.237,4.13,NORMAL
2026-06-28 22:15:41,UR5e_ARM_01,192.168.10.25,43.13,1.185,3.99,NORMAL
2026-06-28 22:16:11,UR5e_ARM_01,192.168.10.25,45.04,1.181,4.13,NORMAL
2026-06-28 22:16:41,UR5e_ARM_01,192.168.10.25,43.17,1.196,4.03,NORMAL
2026-06-28 22:17:11,UR5e_ARM_01,192.168.10.25,45.11,1.172,4.03,NORMAL
2026-06-28 22:17:41,UR5e_ARM_01,192.168.10.25,43.82,1.217,3.95,NORMAL
2026-06-28 22:18:11,UR5e_ARM_01,192.168.10.25,43.04,1.168,4.16,NORMAL
2026-06-28 22:18:41,UR5e_ARM_01,192.168.10.25,45.26,1.187,4.17,NORMAL
2026-06-28 22:19:11,UR5e_ARM_01,192.168.10.25,45.39,1.179,4.08,NORMAL
2026-06-28 22:19:41,UR5e_ARM_01,192.168.10.25,44.49,1.194,4.07,NORMAL
2026-06-28 22:20:11,UR5e_ARM_01,192.168.10.25,43.26,1.184,4.07,NORMAL
2026-06-28 22:20:41,UR5e_ARM_01,192.168.10.25,43.07,1.223,4.07,NORMAL
2026-06-28 22:21:11,UR5e_ARM_01,192.168.10.25,45.04,1.18,4.15,NORMAL
2026-06-28 22:21:41,UR5e_ARM_01,192.168.10.25,44.39,1.191,3.92,NORMAL
2026-06-28 22:22:11,UR5e_ARM_01,192.168.10.25,43.86,1.22,4.02,NORMAL
2026-06-28 22:22:41,UR5e_ARM_01,192.168.10.25,42.95,1.238,3.9,NORMAL
2026-06-28 22:23:11,UR5e_ARM_01,192.168.10.25,43.55,1.206,4.02,NORMAL
2026-06-28 22:23:41,UR5e_ARM_01,192.168.10.25,43.35,1.222,3.94,NORMAL
2026-06-28 22:24:11,UR5e_ARM_01,192.168.10.25,43.92,1.222,4.24,NORMAL
2026-06-28 22:24:41,UR5e_ARM_01,192.168.10.25,44.93,1.189,3.99,NORMAL
2026-06-28 22:25:11,UR5e_ARM_01,192.168.10.25,44.87,1.162,4.12,NORMAL
2026-06-28 22:25:41,UR5e_ARM_01,192.168.10.25,42.78,1.154,4.0,NORMAL
2026-06-28 22:26:11,UR5e_ARM_01,192.168.10.25,44.15,1.219,4.17,NORMAL
2026-06-28 22:26:41,UR5e_ARM_01,192.168.10.25,43.15,1.229,4.12,NORMAL
2026-06-28 22:27:11,UR5e_ARM_01,192.168.10.25,44.72,1.174,3.92,NORMAL
2026-06-28 22:27:41,UR5e_ARM_01,192.168.10.25,45.07,1.15,3.92,NORMAL
2026-06-28 22:28:11,UR5e_ARM_01,192.168.10.25,43.95,1.178,4.2,NORMAL
2026-06-28 22:28:41,UR5e_ARM_01,192.168.10.25,45.44,1.169,3.95,NORMAL
2026-06-28 22:29:11,UR5e_ARM_01,192.168.10.25,43.08,1.219,4.03,NORMAL
2026-06-28 22:29:41,UR5e_ARM_01,192.168.10.25,44.72,1.15,4.13,NORMAL
2026-06-28 22:30:11,UR5e_ARM_01,192.168.10.25,43.0,1.25,4.22,NORMAL
2026-06-28 22:30:41,UR5e_ARM_01,192.168.10.25,44.83,1.19,4.2,NORMAL
2026-06-28 22:31:11,UR5e_ARM_01,192.168.10.25,43.88,1.225,4.06,NORMAL
2026-06-28 22:31:41,UR5e_ARM_01,192.168.10.25,42.89,1.207,3.95,NORMAL
2026-06-28 22:32:11,UR5e_ARM_01,192.168.10.25,43.35,1.246,4.09,NORMAL
2026-06-28 22:32:41,UR5e_ARM_01,192.168.10.25,44.4,1.19,4.16,NORMAL
2026-06-28 22:33:11,UR5e_ARM_01,192.168.10.25,43.2,1.213,4.27,NORMAL
2026-06-28 22:33:41,UR5e_ARM_01,192.168.10.25,43.53,1.156,4.25,NORMAL
2026-06-28 22:34:11,UR5e_ARM_01,192.168.10.25,44.87,1.172,4.29,NORMAL
2026-06-28 22:34:41,UR5e_ARM_01,192.168.10.25,44.89,1.153,4.19,NORMAL
2026-06-28 22:35:11,UR5e_ARM_01,192.168.10.25,45.16,1.228,4.28,NORMAL
2026-06-28 22:35:41,UR5e_ARM_01,192.168.10.25,45.41,1.209,4.09,NORMAL
2026-06-28 22:36:11,UR5e_ARM_01,192.168.10.25,43.86,1.205,4.08,NORMAL
2026-06-28 22:36:41,UR5e_ARM_01,192.168.10.25,43.79,1.248,4.01,NORMAL
2026-06-28 22:37:11,UR5e_ARM_01,192.168.10.25,42.71,1.152,3.9,NORMAL
2026-06-28 22:37:41,UR5e_ARM_01,192.168.10.25,44.42,1.168,4.27,NORMAL
2026-06-28 22:38:11,UR5e_ARM_01,192.168.10.25,44.89,1.155,4.14,NORMAL
2026-06-28 22:38:41,UR5e_ARM_01,192.168.10.25,43.84,1.248,4.15,NORMAL
2026-06-28 22:39:11,UR5e_ARM_01,192.168.10.25,44.53,1.157,3.91,NORMAL
2026-06-28 22:39:41,UR5e_ARM_01,192.168.10.25,43.98,1.172,4.28,NORMAL
2026-06-28 22:40:11,UR5e_ARM_01,192.168.10.25,43.01,1.219,4.21,NORMAL
2026-06-28 22:40:41,UR5e_ARM_01,192.168.10.25,44.1,1.192,4.3,NORMAL
2026-06-28 22:41:11,UR5e_ARM_01,192.168.10.25,45.1,1.165,3.97,NORMAL
2026-06-28 22:41:41,UR5e_ARM_01,192.168.10.25,44.69,1.236,4.21,NORMAL
2026-06-28 22:42:11,UR5e_ARM_01,192.168.10.25,45.47,1.161,4.27,NORMAL
2026-06-28 22:42:41,UR5e_ARM_01,192.168.10.25,43.8,1.182,4.13,NORMAL
2026-06-28 22:43:11,UR5e_ARM_01,192.168.10.25,42.66,1.153,3.96,NORMAL
2026-06-28 22:43:41,UR5e_ARM_01,192.168.10.25,43.53,1.173,4.0,NORMAL
2026-06-28 22:44:11,UR5e_ARM_01,192.168.10.25,44.43,1.155,4.23,NORMAL
2026-06-28 22:44:41,UR5e_ARM_01,192.168.10.25,45.46,1.234,3.95,NORMAL
2026-06-28 22:45:11,UR5e_ARM_01,192.168.10.25,43.72,1.237,4.15,NORMAL
2026-06-28 22:45:41,UR5e_ARM_01,192.168.10.25,42.55,1.164,4.14,NORMAL
2026-06-28 22:46:11,UR5e_ARM_01,192.168.10.25,44.83,1.207,4.0,NORMAL
2026-06-28 22:46:41,UR5e_ARM_01,192.168.10.25,44.26,1.246,3.96,NORMAL
2026-06-28 22:47:11,UR5e_ARM_01,192.168.10.25,44.37,1.186,4.02,NORMAL
2026-06-28 22:47:41,UR5e_ARM_01,192.168.10.25,42.99,1.204,4.19,NORMAL
2026-06-28 22:48:11,UR5e_ARM_01,192.168.10.25,45.38,1.225,4.18,NORMAL
2026-06-28 22:48:41,UR5e_ARM_01,192.168.10.25,44.75,1.22,4.02,NORMAL
2026-06-28 22:49:11,UR5e_ARM_01,192.168.10.25,44.28,1.155,4.18,NORMAL
2026-06-28 22:49:41,UR5e_ARM_01,192.168.10.25,44.4,1.188,4.28,NORMAL
2026-06-28 22:50:11,UR5e_ARM_01,192.168.10.25,45.08,1.193,3.94,NORMAL
2026-06-28 22:50:41,UR5e_ARM_01,192.168.10.25,44.34,1.218,4.3,NORMAL
2026-06-28 22:51:11,UR5e_ARM_01,192.168.10.25,45.3,1.224,4.06,NORMAL
2026-06-28 22:51:41,UR5e_ARM_01,192.168.10.25,44.94,1.197,4.13,NORMAL
2026-06-28 22:52:11,UR5e_ARM_01,192.168.10.25,44.82,1.221,4.11,NORMAL
2026-06-28 22:52:41,UR5e_ARM_01,192.168.10.25,42.56,1.223,3.9,NORMAL
2026-06-28 22:53:11,UR5e_ARM_01,192.168.10.25,43.22,1.179,4.14,NORMAL
2026-06-28 22:53:41,UR5e_ARM_01,192.168.10.25,44.31,1.226,4.18,NORMAL
2026-06-28 22:54:11,UR5e_ARM_01,192.168.10.25,43.88,1.164,4.24,NORMAL
2026-06-28 22:54:41,UR5e_ARM_01,192.168.10.25,42.72,1.237,4.08,NORMAL
2026-06-28 22:55:11,UR5e_ARM_01,192.168.10.25,43.86,1.209,4.25,NORMAL
2026-06-28 22:55:41,UR5e_ARM_01,192.168.10.25,44.14,1.211,3.91,NORMAL
2026-06-28 22:56:11,UR5e_ARM_01,192.168.10.25,44.0,1.199,4.04,NORMAL
2026-06-28 22:56:41,UR5e_ARM_01,192.168.10.25,45.5,1.164,4.17,NORMAL
2026-06-28 22:57:11,UR5e_ARM_01,192.168.10.25,45.12,1.215,3.98,NORMAL
2026-06-28 22:57:41,UR5e_ARM_01,192.168.10.25,45.01,1.247,4.22,NORMAL
2026-06-28 22:58:11,UR5e_ARM_01,192.168.10.25,43.37,1.193,3.91,NORMAL
2026-06-28 22:58:41,UR5e_ARM_01,192.168.10.25,43.22,1.219,3.9,NORMAL
2026-06-28 22:59:11,UR5e_ARM_01,192.168.10.25,43.74,1.201,4.21,NORMAL
2026-06-28 22:59:41,UR5e_ARM_01,192.168.10.25,43.05,1.249,3.91,NORMAL
2026-06-28 23:00:11,UR5e_ARM_01,192.168.10.25,45.28,1.24,4.0,NORMAL
2026-06-28 23:00:41,UR5e_ARM_01,192.168.10.25,44.18,1.222,4.26,NORMAL
2026-06-28 23:01:11,UR5e_ARM_01,192.168.10.25,43.89,1.209,4.07,NORMAL
2026-06-28 23:01:41,UR5e_ARM_01,192.168.10.25,44.41,1.221,4.06,NORMAL
2026-06-28 23:02:11,UR5e_ARM_01,192.168.10.25,44.96,1.223,4.29,NORMAL
2026-06-28 23:02:41,UR5e_ARM_01,192.168.10.25,43.81,1.237,4.19,NORMAL
2026-06-28 23:03:11,UR5e_ARM_01,192.168.10.25,43.07,1.202,4.28,NORMAL
2026-06-28 23:03:41,UR5e_ARM_01,192.168.10.25,44.11,1.178,4.07,NORMAL
2026-06-28 23:04:11,UR5e_ARM_01,192.168.10.25,45.24,1.187,4.01,NORMAL
2026-06-28 23:04:41,UR5e_ARM_01,192.168.10.25,44.34,1.163,4.16,NORMAL
2026-06-28 23:05:11,UR5e_ARM_01,192.168.10.25,45.46,1.231,3.95,NORMAL
2026-06-28 23:05:41,UR5e_ARM_01,192.168.10.25,42.97,1.247,4.24,NORMAL
2026-06-28 23:06:11,UR5e_ARM_01,192.168.10.25,43.56,1.186,3.97,NORMAL
2026-06-28 23:06:41,UR5e_ARM_01,192.168.10.25,42.79,1.231,3.93,NORMAL
2026-06-28 23:07:11,UR5e_ARM_01,192.168.10.25,45.32,1.162,4.3,NORMAL
2026-06-28 23:07:41,UR5e_ARM_01,192.168.10.25,44.69,1.233,4.12,NORMAL
2026-06-28 23:08:11,UR5e_ARM_01,192.168.10.25,44.48,1.161,3.98,NORMAL
2026-06-28 23:08:41,UR5e_ARM_01,192.168.10.25,45.16,1.18,4.23,NORMAL
2026-06-28 23:09:11,UR5e_ARM_01,192.168.10.25,44.06,1.229,3.95,NORMAL
2026-06-28 23:09:41,UR5e_ARM_01,192.168.10.25,45.37,1.159,4.02,NORMAL
2026-06-28 23:10:11,UR5e_ARM_01,192.168.10.25,44.48,1.188,4.18,NORMAL
2026-06-28 23:10:41,UR5e_ARM_01,192.168.10.25,43.96,1.189,3.92,NORMAL
2026-06-28 23:11:11,UR5e_ARM_01,192.168.10.25,44.78,1.22,3.99,NORMAL
2026-06-28 23:11:41,UR5e_ARM_01,192.168.10.25,42.95,1.206,4.23,NORMAL
2026-06-28 23:12:11,UR5e_ARM_01,192.168.10.25,44.54,1.195,4.06,NORMAL
2026-06-28 23:12:41,UR5e_ARM_01,192.168.10.25,44.55,1.172,4.07,NORMAL
2026-06-28 23:13:11,UR5e_ARM_01,192.168.10.25,45.52,1.227,3.96,NORMAL
2026-06-28 23:13:41,UR5e_ARM_01,192.168.10.25,44.49,1.224,3.92,NORMAL
2026-06-28 23:14:11,UR5e_ARM_01,192.168.10.25,44.08,1.173,4.01,NORMAL
2026-06-28 23:14:41,UR5e_ARM_01,192.168.10.25,44.34,1.196,4.08,NORMAL
2026-06-28 23:15:11,UR5e_ARM_01,192.168.10.25,42.95,1.245,4.01,NORMAL
2026-06-28 23:15:41,UR5e_ARM_01,192.168.10.25,45.44,1.179,4.03,NORMAL
2026-06-28 23:16:11,UR5e_ARM_01,192.168.10.25,43.16,1.186,4.21,NORMAL
2026-06-28 23:16:41,UR5e_ARM_01,192.168.10.25,44.91,1.195,4.29,NORMAL
2026-06-28 23:17:11,UR5e_ARM_01,192.168.10.25,42.86,1.196,4.21,NORMAL
2026-06-28 23:17:41,UR5e_ARM_01,192.168.10.25,45.29,1.156,4.19,NORMAL
2026-06-28 23:18:11,UR5e_ARM_01,192.168.10.25,42.78,1.201,3.96,NORMAL
2026-06-28 23:18:41,UR5e_ARM_01,192.168.10.25,45.27,1.158,4.2,NORMAL
2026-06-28 23:19:11,UR5e_ARM_01,192.168.10.25,43.93,1.201,4.3,NORMAL
2026-06-28 23:19:41,UR5e_ARM_01,192.168.10.25,43.25,1.215,4.28,NORMAL
2026-06-28 23:20:11,UR5e_ARM_01,192.168.10.25,43.4,1.159,3.92,NORMAL
2026-06-28 23:20:41,UR5e_ARM_01,192.168.10.25,45.05,1.161,4.24,NORMAL
2026-06-28 23:21:11,UR5e_ARM_01,192.168.10.25,43.47,1.23,4.29,NORMAL
2026-06-28 23:21:41,UR5e_ARM_01,192.168.10.25,43.36,1.248,4.16,NORMAL
2026-06-28 23:22:11,UR5e_ARM_01,192.168.10.25,43.86,1.17,4.1,NORMAL
2026-06-28 23:22:41,UR5e_ARM_01,192.168.10.25,43.51,1.237,4.01,NORMAL
2026-06-28 23:23:11,UR5e_ARM_01,192.168.10.25,45.44,1.208,4.09,NORMAL
2026-06-28 23:23:41,UR5e_ARM_01,192.168.10.25,45.17,1.226,4.18,NORMAL
2026-06-28 23:24:11,UR5e_ARM_01,192.168.10.25,45.12,1.164,4.03,NORMAL
2026-06-28 23:24:41,UR5e_ARM_01,192.168.10.25,45.66,1.206,4.17,NORMAL
2026-06-28 23:25:11,UR5e_ARM_01,192.168.10.25,43.23,1.206,4.24,NORMAL
2026-06-28 23:25:41,UR5e_ARM_01,192.168.10.25,45.38,1.23,4.24,NORMAL
2026-06-28 23:26:11,UR5e_ARM_01,192.168.10.25,44.65,1.177,4.17,NORMAL
2026-06-28 23:26:41,UR5e_ARM_01,192.168.10.25,44.9,1.25,3.98,NORMAL
2026-06-28 23:27:11,UR5e_ARM_01,192.168.10.25,43.35,1.173,3.92,NORMAL
2026-06-28 23:27:41,UR5e_ARM_01,192.168.10.25,43.38,1.204,4.11,NORMAL
2026-06-28 23:28:11,UR5e_ARM_01,192.168.10.25,43.52,1.229,4.03,NORMAL
2026-06-28 23:28:41,UR5e_ARM_01,192.168.10.25,44.71,1.175,4.18,NORMAL
2026-06-28 23:29:11,UR5e_ARM_01,192.168.10.25,43.92,1.161,4.17,NORMAL
2026-06-28 23:29:41,UR5e_ARM_01,192.168.10.25,43.98,1.224,4.17,NORMAL
2026-06-28 23:30:11,UR5e_ARM_01,192.168.10.25,45.53,1.167,4.04,NORMAL
2026-06-28 23:30:41,UR5e_ARM_01,192.168.10.25,45.24,1.221,4.07,NORMAL
2026-06-28 23:31:11,UR5e_ARM_01,192.168.10.25,44.14,1.168,4.19,NORMAL
2026-06-28 23:31:41,UR5e_ARM_01,192.168.10.25,44.1,1.23,4.24,NORMAL
2026-06-28 23:32:11,UR5e_ARM_01,192.168.10.25,45.63,1.246,4.27,NORMAL
2026-06-28 23:32:41,UR5e_ARM_01,192.168.10.25,43.05,1.216,4.09,NORMAL
2026-06-28 23:33:11,UR5e_ARM_01,192.168.10.25,44.72,1.164,4.0,NORMAL
2026-06-28 23:33:41,UR5e_ARM_01,192.168.10.25,43.61,1.155,4.15,NORMAL
2026-06-28 23:34:11,UR5e_ARM_01,192.168.10.25,44.31,1.211,3.92,NORMAL
2026-06-28 23:34:41,UR5e_ARM_01,192.168.10.25,45.64,1.226,4.01,NORMAL
2026-06-28 23:35:11,UR5e_ARM_01,192.168.10.25,42.97,1.184,4.03,NORMAL
2026-06-28 23:35:41,UR5e_ARM_01,192.168.10.25,44.29,1.246,3.9,NORMAL
2026-06-28 23:36:11,UR5e_ARM_01,192.168.10.25,43.77,1.165,4.25,NORMAL
2026-06-28 23:36:41,UR5e_ARM_01,192.168.10.25,42.77,1.158,3.99,NORMAL
2026-06-28 23:37:11,UR5e_ARM_01,192.168.10.25,45.62,1.214,4.05,NORMAL
2026-06-28 23:37:41,UR5e_ARM_01,192.168.10.25,44.9,1.166,4.12,NORMAL
2026-06-28 23:38:11,UR5e_ARM_01,192.168.10.25,45.13,1.245,4.01,NORMAL
2026-06-28 23:38:41,UR5e_ARM_01,192.168.10.25,43.13,1.203,3.94,NORMAL
2026-06-28 23:39:11,UR5e_ARM_01,192.168.10.25,44.62,1.198,4.26,NORMAL
2026-06-28 23:39:41,UR5e_ARM_01,192.168.10.25,43.52,1.16,3.97,NORMAL
2026-06-28 23:40:11,UR5e_ARM_01,192.168.10.25,42.87,1.211,3.95,NORMAL
2026-06-28 23:40:41,UR5e_ARM_01,192.168.10.25,42.83,1.199,4.26,NORMAL
2026-06-28 23:41:11,UR5e_ARM_01,192.168.10.25,44.36,1.212,4.05,NORMAL
2026-06-28 23:41:41,UR5e_ARM_01,192.168.10.25,44.87,1.16,3.97,NORMAL
2026-06-28 23:42:11,UR5e_ARM_01,192.168.10.25,44.68,1.199,4.07,NORMAL
2026-06-28 23:42:41,UR5e_ARM_01,192.168.10.25,43.22,1.23,3.94,NORMAL
2026-06-28 23:43:11,UR5e_ARM_01,192.168.10.25,45.62,1.153,4.04,NORMAL
2026-06-28 23:43:41,UR5e_ARM_01,192.168.10.25,44.65,1.217,4.22,NORMAL
2026-06-28 23:44:11,UR5e_ARM_01,192.168.10.25,44.8,1.194,3.95,NORMAL
2026-06-28 23:44:41,UR5e_ARM_01,192.168.10.25,43.44,1.223,4.28,NORMAL
2026-06-28 23:45:11,UR5e_ARM_01,192.168.10.25,42.88,1.195,4.14,NORMAL
2026-06-28 23:45:41,UR5e_ARM_01,192.168.10.25,43.37,1.231,4.13,NORMAL
2026-06-28 23:46:11,UR5e_ARM_01,192.168.10.25,45.22,1.196,4.15,NORMAL
2026-06-28 23:46:41,UR5e_ARM_01,192.168.10.25,45.35,1.176,4.22,NORMAL
2026-06-28 23:47:11,UR5e_ARM_01,192.168.10.25,43.55,1.151,4.05,NORMAL
2026-06-28 23:47:41,UR5e_ARM_01,192.168.10.25,45.18,1.175,4.02,NORMAL
2026-06-28 23:48:11,UR5e_ARM_01,192.168.10.25,45.19,1.246,4.25,NORMAL
2026-06-28 23:48:41,UR5e_ARM_01,192.168.10.25,44.24,1.233,4.17,NORMAL
2026-06-28 23:49:11,UR5e_ARM_01,192.168.10.25,45.29,1.249,3.91,NORMAL
2026-06-28 23:49:41,UR5e_ARM_01,192.168.10.25,43.98,1.17,4.24,NORMAL
2026-06-28 23:50:11,UR5e_ARM_01,192.168.10.25,43.82,1.209,4.07,NORMAL
2026-06-28 23:50:41,UR5e_ARM_01,192.168.10.25,44.87,1.206,3.95,NORMAL
2026-06-28 23:51:11,UR5e_ARM_01,192.168.10.25,43.42,1.193,4.2,NORMAL
2026-06-28 23:51:41,UR5e_ARM_01,192.168.10.25,44.82,1.24,3.96,NORMAL
2026-06-28 23:52:11,UR5e_ARM_01,192.168.10.25,44.44,1.17,4.19,NORMAL
2026-06-28 23:52:41,UR5e_ARM_01,192.168.10.25,45.52,1.205,4.04,NORMAL
2026-06-28 23:53:11,UR5e_ARM_01,192.168.10.25,43.13,1.211,4.19,NORMAL
2026-06-28 23:53:41,UR5e_ARM_01,192.168.10.25,43.88,1.152,4.27,NORMAL
2026-06-28 23:54:11,UR5e_ARM_01,192.168.10.25,44.18,1.19,3.94,NORMAL
2026-06-28 23:54:41,UR5e_ARM_01,192.168.10.25,43.21,1.244,4.22,NORMAL
2026-06-28 23:55:11,UR5e_ARM_01,192.168.10.25,45.4,1.159,4.07,NORMAL
2026-06-28 23:55:41,UR5e_ARM_01,192.168.10.25,44.15,1.198,4.17,NORMAL
2026-06-28 23:56:11,UR5e_ARM_01,192.168.10.25,43.6,1.166,3.99,NORMAL
2026-06-28 23:56:41,UR5e_ARM_01,192.168.10.25,44.17,1.21,4.13,NORMAL
2026-06-28 23:57:11,UR5e_ARM_01,192.168.10.25,44.11,1.233,4.09,NORMAL
2026-06-28 23:57:41,UR5e_ARM_01,192.168.10.25,43.12,1.201,4.13,NORMAL
2026-06-28 23:58:11,UR5e_ARM_01,192.168.10.25,43.89,1.174,4.04,NORMAL
2026-06-28 23:58:41,UR5e_ARM_01,192.168.10.25,44.2,1.154,4.01,NORMAL
2026-06-28 23:59:11,UR5e_ARM_01,192.168.10.25,44.01,1.152,4.28,NORMAL
2026-06-28 23:59:41,UR5e_ARM_01,192.168.10.25,44.83,1.203,3.91,NORMAL
2026-06-29 00:00:11,UR5e_ARM_01,192.168.10.25,44.55,1.163,3.94,NORMAL
2026-06-29 00:00:41,UR5e_ARM_01,192.168.10.25,43.09,1.242,4.16,NORMAL
2026-06-29 00:01:11,UR5e_ARM_01,192.168.10.25,45.56,1.187,3.98,NORMAL
2026-06-29 00:01:41,UR5e_ARM_01,192.168.10.25,44.87,1.203,4.23,NORMAL
2026-06-29 00:02:11,UR5e_ARM_01,192.168.10.25,42.91,1.225,3.93,NORMAL
2026-06-29 00:02:41,UR5e_ARM_01,192.168.10.25,43.08,1.218,3.96,NORMAL
2026-06-29 00:03:11,UR5e_ARM_01,192.168.10.25,44.44,1.22,4.29,NORMAL
2026-06-29 00:03:41,UR5e_ARM_01,192.168.10.25,45.78,1.234,4.11,NORMAL
2026-06-29 00:04:11,UR5e_ARM_01,192.168.10.25,45.17,1.21,4.15,NORMAL
2026-06-29 00:04:41,UR5e_ARM_01,192.168.10.25,43.52,1.158,4.26,NORMAL
2026-06-29 00:05:11,UR5e_ARM_01,192.168.10.25,44.75,1.201,4.14,NORMAL
2026-06-29 00:05:41,UR5e_ARM_01,192.168.10.25,43.35,1.182,4.13,NORMAL
2026-06-29 00:06:11,UR5e_ARM_01,192.168.10.25,43.19,1.246,4.17,NORMAL
2026-06-29 00:06:41,UR5e_ARM_01,192.168.10.25,43.32,1.177,3.92,NORMAL
2026-06-29 00:07:11,UR5e_ARM_01,192.168.10.25,43.69,1.229,4.27,NORMAL
2026-06-29 00:07:41,UR5e_ARM_01,192.168.10.25,44.6,1.17,4.07,NORMAL
2026-06-29 00:08:11,UR5e_ARM_01,192.168.10.25,44.05,1.18,4.12,NORMAL
2026-06-29 00:08:41,UR5e_ARM_01,192.168.10.25,44.05,1.211,4.02,NORMAL
2026-06-29 00:09:11,UR5e_ARM_01,192.168.10.25,45.57,1.176,4.22,NORMAL
2026-06-29 00:09:41,UR5e_ARM_01,192.168.10.25,44.32,1.234,4.17,NORMAL
2026-06-29 00:10:11,UR5e_ARM_01,192.168.10.25,45.41,1.154,3.95,NORMAL
2026-06-29 00:10:41,UR5e_ARM_01,192.168.10.25,44.0,1.203,4.12,NORMAL
2026-06-29 00:11:11,UR5e_ARM_01,192.168.10.25,44.37,1.202,3.99,NORMAL
2026-06-29 00:11:41,UR5e_ARM_01,192.168.10.25,44.17,1.181,4.27,NORMAL
2026-06-29 00:12:11,UR5e_ARM_01,192.168.10.25,44.06,1.218,4.0,NORMAL
2026-06-29 00:12:41,UR5e_ARM_01,192.168.10.25,45.78,1.183,3.9,NORMAL
2026-06-29 00:13:11,UR5e_ARM_01,192.168.10.25,43.38,1.205,4.07,NORMAL
2026-06-29 00:13:41,UR5e_ARM_01,192.168.10.25,45.12,1.227,4.2,NORMAL
2026-06-29 00:14:11,UR5e_ARM_01,192.168.10.25,43.75,1.186,4.16,NORMAL
2026-06-29 00:14:41,UR5e_ARM_01,192.168.10.25,43.15,1.164,4.25,NORMAL
2026-06-29 00:15:11,UR5e_ARM_01,192.168.10.25,43.91,1.157,4.23,NORMAL
2026-06-29 00:15:41,UR5e_ARM_01,192.168.10.25,45.87,1.211,4.03,NORMAL
2026-06-29 00:16:11,UR5e_ARM_01,192.168.10.25,44.48,1.21,4.22,NORMAL
2026-06-29 00:16:41,UR5e_ARM_01,192.168.10.25,45.63,1.169,3.95,NORMAL
2026-06-29 00:17:11,UR5e_ARM_01,192.168.10.25,43.15,1.158,4.21,NORMAL
2026-06-29 00:17:41,UR5e_ARM_01,192.168.10.25,44.0,1.176,4.12,NORMAL
2026-06-29 00:18:11,UR5e_ARM_01,192.168.10.25,44.43,1.214,4.25,NORMAL
2026-06-29 00:18:41,UR5e_ARM_01,192.168.10.25,45.31,1.205,4.1,NORMAL
2026-06-29 00:19:11,UR5e_ARM_01,192.168.10.25,43.29,1.172,4.25,NORMAL
2026-06-29 00:19:41,UR5e_ARM_01,192.168.10.25,45.09,1.161,4.24,NORMAL
2026-06-29 00:20:11,UR5e_ARM_01,192.168.10.25,44.15,1.156,3.95,NORMAL
2026-06-29 00:20:41,UR5e_ARM_01,192.168.10.25,45.68,1.169,4.04,NORMAL
2026-06-29 00:21:11,UR5e_ARM_01,192.168.10.25,43.41,1.231,4.14,NORMAL
2026-06-29 00:21:41,UR5e_ARM_01,192.168.10.25,44.62,1.167,4.06,NORMAL
2026-06-29 00:22:11,UR5e_ARM_01,192.168.10.25,44.01,1.175,4.02,NORMAL
2026-06-29 00:22:41,UR5e_ARM_01,192.168.10.25,45.88,1.159,4.15,NORMAL
2026-06-29 00:23:11,UR5e_ARM_01,192.168.10.25,44.23,1.163,4.15,NORMAL
2026-06-29 00:23:41,UR5e_ARM_01,192.168.10.25,44.78,1.218,3.91,NORMAL
2026-06-29 00:24:11,UR5e_ARM_01,192.168.10.25,44.67,1.163,3.98,NORMAL
2026-06-29 00:24:41,UR5e_ARM_01,192.168.10.25,45.03,1.165,3.92,NORMAL
2026-06-29 00:25:11,UR5e_ARM_01,192.168.10.25,45.39,1.169,3.91,NORMAL
2026-06-29 00:25:41,UR5e_ARM_01,192.168.10.25,44.62,1.245,4.14,NORMAL
2026-06-29 00:26:11,UR5e_ARM_01,192.168.10.25,45.79,1.163,3.95,NORMAL
2026-06-29 00:26:41,UR5e_ARM_01,192.168.10.25,44.06,1.24,4.13,NORMAL
2026-06-29 00:27:11,UR5e_ARM_01,192.168.10.25,43.5,1.192,3.96,NORMAL
2026-06-29 00:27:41,UR5e_ARM_01,192.168.10.25,43.21,1.228,3.96,NORMAL
2026-06-29 00:28:11,UR5e_ARM_01,192.168.10.25,43.87,1.232,4.21,NORMAL
2026-06-29 00:28:41,UR5e_ARM_01,192.168.10.25,44.24,1.174,3.92,NORMAL
2026-06-29 00:29:11,UR5e_ARM_01,192.168.10.25,43.16,1.185,4.04,NORMAL
2026-06-29 00:29:41,UR5e_ARM_01,192.168.10.25,44.26,1.193,4.04,NORMAL
2026-06-29 00:30:11,UR5e_ARM_01,192.168.10.25,44.3,1.206,4.11,NORMAL
2026-06-29 00:30:41,UR5e_ARM_01,192.168.10.25,43.47,1.244,3.95,NORMAL
2026-06-29 00:31:11,UR5e_ARM_01,192.168.10.25,43.69,1.18,4.22,NORMAL
2026-06-29 00:31:41,UR5e_ARM_01,192.168.10.25,45.66,1.176,3.93,NORMAL
2026-06-29 00:32:11,UR5e_ARM_01,192.168.10.25,43.53,1.235,4.03,NORMAL
2026-06-29 00:32:41,UR5e_ARM_01,192.168.10.25,44.54,1.246,4.11,NORMAL
2026-06-29 00:33:11,UR5e_ARM_01,192.168.10.25,45.81,1.24,4.09,NORMAL
2026-06-29 00:33:41,UR5e_ARM_01,192.168.10.25,44.94,1.24,4.09,NORMAL
2026-06-29 00:34:11,UR5e_ARM_01,192.168.10.25,43.59,1.209,4.07,NORMAL
2026-06-29 00:34:41,UR5e_ARM_01,192.168.10.25,43.4,1.164,3.97,NORMAL
2026-06-29 00:35:11,UR5e_ARM_01,192.168.10.25,45.27,1.231,4.06,NORMAL
2026-06-29 00:35:41,UR5e_ARM_01,192.168.10.25,43.16,1.211,4.07,NORMAL
2026-06-29 00:36:11,UR5e_ARM_01,192.168.10.25,43.35,1.177,4.0,NORMAL
2026-06-29 00:36:41,UR5e_ARM_01,192.168.10.25,44.25,1.227,3.98,NORMAL
2026-06-29 00:37:11,UR5e_ARM_01,192.168.10.25,45.66,1.181,3.99,NORMAL
2026-06-29 00:37:41,UR5e_ARM_01,192.168.10.25,45.45,1.227,4.2,NORMAL
2026-06-29 00:38:11,UR5e_ARM_01,192.168.10.25,43.86,1.231,3.97,NORMAL
2026-06-29 00:38:41,UR5e_ARM_01,192.168.10.25,45.53,1.239,3.94,NORMAL
2026-06-29 00:39:11,UR5e_ARM_01,192.168.10.25,45.4,1.172,3.94,NORMAL
2026-06-29 00:39:41,UR5e_ARM_01,192.168.10.25,43.4,1.205,4.15,NORMAL
2026-06-29 00:40:11,UR5e_ARM_01,192.168.10.25,45.88,1.153,3.99,NORMAL
2026-06-29 00:40:41,UR5e_ARM_01,192.168.10.25,44.81,1.245,4.01,NORMAL
2026-06-29 00:41:11,UR5e_ARM_01,192.168.10.25,45.07,1.241,4.14,NORMAL
2026-06-29 00:41:41,UR5e_ARM_01,192.168.10.25,43.56,1.207,4.22,NORMAL
2026-06-29 00:42:11,UR5e_ARM_01,192.168.10.25,45.29,1.222,4.26,NORMAL
2026-06-29 00:42:41,UR5e_ARM_01,192.168.10.25,43.74,1.176,4.14,NORMAL
2026-06-29 00:43:11,UR5e_ARM_01,192.168.10.25,44.57,1.198,4.26,NORMAL
2026-06-29 00:43:41,UR5e_ARM_01,192.168.10.25,43.82,1.236,4.03,NORMAL
2026-06-29 00:44:11,UR5e_ARM_01,192.168.10.25,44.9,1.165,3.96,NORMAL
2026-06-29 00:44:41,UR5e_ARM_01,192.168.10.25,44.73,1.151,3.91,NORMAL
2026-06-29 00:45:11,UR5e_ARM_01,192.168.10.25,43.16,1.204,3.97,NORMAL
2026-06-29 00:45:41,UR5e_ARM_01,192.168.10.25,45.7,1.177,4.13,NORMAL
2026-06-29 00:46:11,UR5e_ARM_01,192.168.10.25,43.92,1.233,4.24,NORMAL
2026-06-29 00:46:41,UR5e_ARM_01,192.168.10.25,45.67,1.216,4.2,NORMAL
